"../../../Engine/Plugins/Interchange/Runtime/Content/Pipelines/DefaultTexturePipeline.uasset" 0
"../../../Engine/Plugins/Interchange/Runtime/Content/Pipelines/DefaultTexturePipeline.uexp" 1
"../../../Engine/Plugins/Interchange/Runtime/Content/Pipelines/DefaultSceneLevelPipeline.uasset" 2
"../../../Engine/Plugins/Interchange/Runtime/Content/Pipelines/DefaultSceneLevelPipeline.uexp" 3
"../../../Engine/Plugins/Interchange/Runtime/Content/Pipelines/DefaultSceneAssetsPipeline.uasset" 4
"../../../Engine/Plugins/Interchange/Runtime/Content/Pipelines/DefaultSceneAssetsPipeline.uexp" 5
"../../../Engine/Plugins/Interchange/Runtime/Content/Pipelines/DefaultMaterialXPipeline.uasset" 6
"../../../Engine/Plugins/Interchange/Runtime/Content/Pipelines/DefaultMaterialXPipeline.uexp" 7
"../../../Engine/Plugins/Interchange/Runtime/Content/Pipelines/DefaultMaterialPipeline.uasset" 8
"../../../Engine/Plugins/Interchange/Runtime/Content/Pipelines/DefaultMaterialPipeline.uexp" 9
"../../../Engine/Plugins/Interchange/Runtime/Content/Pipelines/DefaultGLTFSceneAssetsPipeline.uasset" 10
"../../../Engine/Plugins/Interchange/Runtime/Content/Pipelines/DefaultGLTFSceneAssetsPipeline.uexp" 11
"../../../Engine/Plugins/Interchange/Runtime/Content/Pipelines/DefaultGLTFPipeline.uasset" 12
"../../../Engine/Plugins/Interchange/Runtime/Content/Pipelines/DefaultGLTFPipeline.uexp" 13
"../../../Engine/Plugins/Interchange/Runtime/Content/Pipelines/DefaultGLTFAssetsPipeline.uasset" 14
"../../../Engine/Plugins/Interchange/Runtime/Content/Pipelines/DefaultGLTFAssetsPipeline.uexp" 15
"../../../Engine/Plugins/Interchange/Runtime/Content/Pipelines/DefaultAssetsPipeline.uasset" 16
"../../../Engine/Plugins/Interchange/Runtime/Content/Pipelines/DefaultAssetsPipeline.uexp" 17
"../../../Engine/Plugins/Animation/ControlRig/Content/Controls/DefaultGizmoLibraryNormalized.uasset" 18
"../../../Engine/Plugins/Animation/ControlRig/Content/Controls/DefaultGizmoLibraryNormalized.uexp" 19
"../../../Engine/Plugins/Animation/ACLPlugin/Content/ACLAnimCurveCompressionSettings.uasset" 20
"../../../Engine/Plugins/Animation/ACLPlugin/Content/ACLAnimCurveCompressionSettings.uexp" 21
"../../../Engine/Plugins/Animation/ACLPlugin/Content/ACLAnimBoneCompressionSettings.uasset" 22
"../../../Engine/Plugins/Animation/ACLPlugin/Content/ACLAnimBoneCompressionSettings.uexp" 23
"../../../Engine/Plugins/2D/Paper2D/Content/PlaceholderTextures/DummySpriteTexture.ubulk" 24
"../../../Engine/Plugins/2D/Paper2D/Content/PlaceholderTextures/DummySpriteTexture.uasset" 25
"../../../Engine/Plugins/2D/Paper2D/Content/PlaceholderTextures/DummySpriteTexture.uexp" 26
"../../../Engine/Plugins/2D/Paper2D/Content/DummySprite.uasset" 27
"../../../Engine/Plugins/2D/Paper2D/Content/DummySprite.uexp" 28
"../../../Engine/Plugins/2D/Paper2D/Content/DefaultPaperTerrainMaterial.uasset" 29
"../../../Engine/Plugins/2D/Paper2D/Content/DefaultPaperTerrainMaterial.uexp" 30
"../../../Engine/Content/EngineSounds/Master.uasset" 31
"../../../Engine/Content/EngineSounds/Master.uexp" 32
"../../../Engine/Content/EngineMaterials/DefaultPhysicalMaterial.uasset" 33
"../../../Engine/Content/EngineMaterials/DefaultPhysicalMaterial.uexp" 34
"../../../Engine/Content/EngineMaterials/DefaultDestructiblePhysicalMaterial.uasset" 35
"../../../Engine/Content/EngineMaterials/DefaultDestructiblePhysicalMaterial.uexp" 36
"../../../Engine/Content/EngineFonts/Faces/RobotoLight.uexp" 37
"../../../Engine/Content/EngineFonts/Faces/RobotoLight.uasset" 38
"../../../Engine/Content/EngineFonts/Faces/RobotoLight.ufont" 39
"../../../Engine/Content/EngineFonts/Faces/RobotoBold.uexp" 40
"../../../Engine/Content/EngineFonts/Faces/RobotoBold.uasset" 41
"../../../Engine/Content/EngineFonts/Faces/RobotoBold.ufont" 42
"../../../Engine/Content/EngineFonts/Faces/RobotoRegular.uexp" 43
"../../../Engine/Content/EngineFonts/Faces/RobotoRegular.uasset" 44
"../../../Engine/Content/EngineFonts/Faces/RobotoRegular.ufont" 45
"../../../Engine/Content/EngineFonts/Faces/DroidSansFallback.uexp" 46
"../../../Engine/Content/EngineFonts/Faces/DroidSansFallback.uasset" 47
"../../../Engine/Content/EngineFonts/Faces/DroidSansFallback.ufont" 48
"../../../Engine/Content/EngineFonts/Faces/RobotoItalic.uexp" 49
"../../../Engine/Content/EngineFonts/Faces/RobotoItalic.uasset" 50
"../../../Engine/Content/EngineFonts/Faces/RobotoItalic.ufont" 51
"../../../Engine/Content/EngineFonts/Faces/RobotoBoldItalic.uexp" 52
"../../../Engine/Content/EngineFonts/Faces/RobotoBoldItalic.uasset" 53
"../../../Engine/Content/EngineFonts/Faces/RobotoBoldItalic.ufont" 54
"../../../Engine/Content/EngineFonts/Roboto.uasset" 55
"../../../Engine/Content/EngineFonts/Roboto.uexp" 56
"../../../Engine/Content/MobileResources/HUD/VirtualJoystick_Background.uasset" 57
"../../../Engine/Content/MobileResources/HUD/VirtualJoystick_Background.uexp" 58
"../../../Engine/Content/MobileResources/HUD/VirtualJoystick_Thumb.uasset" 59
"../../../Engine/Content/MobileResources/HUD/VirtualJoystick_Thumb.uexp" 60
"../../../Engine/Content/MobileResources/HUD/DefaultVirtualJoysticks.uasset" 61
"../../../Engine/Content/MobileResources/HUD/DefaultVirtualJoysticks.uexp" 62
"../../../Engine/Content/EditorResources/S_Actor.ubulk" 63
"../../../Engine/Content/EditorResources/S_Actor.uasset" 64
"../../../Engine/Content/EditorResources/S_Actor.uexp" 65
"../../../Engine/Content/EditorResources/S_BoxReflectionCapture.uasset" 66
"../../../Engine/Content/EditorResources/S_BoxReflectionCapture.uexp" 67
"../../../Engine/Plugins/Runtime/AudioWidgets/Content/Resources/ScrubHandleDown_Clamped.uasset" 68
"../../../Engine/Plugins/Runtime/AudioWidgets/Content/Resources/ScrubHandleDown_Clamped.uexp" 69
"../../../Engine/Content/EngineResources/GradientTexture0.uasset" 70
"../../../Engine/Content/EngineResources/GradientTexture0.uexp" 71
"../../../Engine/Content/EngineResources/DefaultTexture.ubulk" 72
"../../../Engine/Content/EngineResources/DefaultTexture.uasset" 73
"../../../Engine/Content/EngineResources/DefaultTexture.uexp" 74
"../../../Engine/Content/EngineResources/Black.uasset" 75
"../../../Engine/Content/EngineResources/Black.uexp" 76
"../../../Engine/Content/EngineMaterials/PreintegratedSkinBRDF.uasset" 77
"../../../Engine/Content/EngineMaterials/PreintegratedSkinBRDF.uexp" 78
"../../../Engine/Content/EngineMaterials/MiniFont.uasset" 79
"../../../Engine/Content/EngineMaterials/MiniFont.uexp" 80
"../../../Engine/Content/EngineMaterials/FastBlueNoise_vec2_128x128x64.uasset" 81
"../../../Engine/Content/EngineMaterials/FastBlueNoise_vec2_128x128x64.uexp" 82
"../../../Engine/Content/EngineMaterials/FastBlueNoise_scalar_128x128x64.uasset" 83
"../../../Engine/Content/EngineMaterials/FastBlueNoise_scalar_128x128x64.uexp" 84
"../../../Engine/Content/EngineMaterials/DefaultWhiteGrid.ubulk" 85
"../../../Engine/Content/EngineMaterials/DefaultWhiteGrid.uasset" 86
"../../../Engine/Content/EngineMaterials/DefaultWhiteGrid.uexp" 87
"../../../Engine/Content/EngineMaterials/DefaultBokeh.uasset" 88
"../../../Engine/Content/EngineMaterials/DefaultBokeh.uexp" 89
"../../../Engine/Content/EngineMaterials/DefaultBloomKernel.uasset" 90
"../../../Engine/Content/EngineMaterials/DefaultBloomKernel.uexp" 91
"../../../Engine/Content/EngineDamageTypes/DmgTypeBP_Environmental.uasset" 92
"../../../Engine/Content/EngineDamageTypes/DmgTypeBP_Environmental.uexp" 93
"../../../Engine/Content/EditorResources/S_TriggerSphere.uasset" 94
"../../../Engine/Content/EditorResources/S_TriggerSphere.uexp" 95
"../../../Engine/Content/EditorResources/S_TriggerCapsule.uasset" 96
"../../../Engine/Content/EditorResources/S_TriggerCapsule.uexp" 97
"../../../Engine/Content/EditorResources/S_TriggerBox.uasset" 98
"../../../Engine/Content/EditorResources/S_TriggerBox.uexp" 99
"../../../Engine/Content/EditorResources/S_Trigger.ubulk" 100
"../../../Engine/Content/EditorResources/S_Trigger.uasset" 101
"../../../Engine/Content/EditorResources/S_Trigger.uexp" 102
"../../../Engine/Content/EditorResources/S_Terrain.ubulk" 103
"../../../Engine/Content/EditorResources/S_Terrain.uasset" 104
"../../../Engine/Content/EditorResources/S_Terrain.uexp" 105
"../../../Engine/Content/EditorResources/S_Solver.ubulk" 106
"../../../Engine/Content/EditorResources/S_Solver.uasset" 107
"../../../Engine/Content/EditorResources/S_Solver.uexp" 108
"../../../Engine/Content/EditorResources/EmptyActor.uasset" 109
"../../../Engine/Content/EditorResources/EmptyActor.uexp" 110
"../../../Engine/Content/EditorResources/BSPVertex.uasset" 111
"../../../Engine/Content/EditorResources/BSPVertex.uexp" 112
"../../../Engine/Content/EditorLandscapeResources/DefaultAlphaTexture.uasset" 113
"../../../Engine/Content/EditorLandscapeResources/DefaultAlphaTexture.uexp" 114
"../../../Engine/Content/EngineResources/FilmGrains/Marcie_Grain_v3_128_M2_000.uasset" 115
"../../../Engine/Content/EngineResources/FilmGrains/Marcie_Grain_v3_128_M2_000.uexp" 116
"../../../Engine/Content/EngineMaterials/LTC/Sheen_LTC.uasset" 117
"../../../Engine/Content/EngineMaterials/LTC/Sheen_LTC.uexp" 118
"../../../Engine/Content/EngineMaterials/LTC/GGX_LTCMat.uasset" 119
"../../../Engine/Content/EngineMaterials/LTC/GGX_LTCMat.uexp" 120
"../../../Engine/Content/EngineMaterials/LTC/GGX_LTCAmp.uasset" 121
"../../../Engine/Content/EngineMaterials/LTC/GGX_LTCAmp.uexp" 122
"../../../Engine/Content/EngineMaterials/EnergyConservation/Sheen_Energy.uasset" 123
"../../../Engine/Content/EngineMaterials/EnergyConservation/Sheen_Energy.uexp" 124
"../../../Engine/Content/EngineMaterials/EnergyConservation/SheenLegacy_Energy.uasset" 125
"../../../Engine/Content/EngineMaterials/EnergyConservation/SheenLegacy_Energy.uexp" 126
"../../../Engine/Content/EngineMaterials/EnergyConservation/GGX_TransmissionEnergyArray.uasset" 127
"../../../Engine/Content/EngineMaterials/EnergyConservation/GGX_TransmissionEnergyArray.uexp" 128
"../../../Engine/Content/EngineMaterials/EnergyConservation/GGX_ReflectionEnergy.uasset" 129
"../../../Engine/Content/EngineMaterials/EnergyConservation/GGX_ReflectionEnergy.uexp" 130
"../../../Engine/Content/EngineMaterials/EnergyConservation/Diffuse_Energy.uasset" 131
"../../../Engine/Content/EngineMaterials/EnergyConservation/Diffuse_Energy.uexp" 132
"../../../Engine/Content/EditorResources/SequenceRecorder/RecordingIndicator.uasset" 133
"../../../Engine/Content/EditorResources/SequenceRecorder/RecordingIndicator.uexp" 134
"../../../Engine/Content/EditorResources/SequenceRecorder/Countdown.uasset" 135
"../../../Engine/Content/EditorResources/SequenceRecorder/Countdown.uexp" 136
"../../../Engine/Content/EditorMaterials/ParticleSystems/PSysThumbnail_OOD.ubulk" 137
"../../../Engine/Content/EditorMaterials/ParticleSystems/PSysThumbnail_OOD.uasset" 138
"../../../Engine/Content/EditorMaterials/ParticleSystems/PSysThumbnail_OOD.uexp" 139
"../../../Engine/Content/EditorMaterials/ParticleSystems/PSysThumbnail_NoImage.ubulk" 140
"../../../Engine/Content/EditorMaterials/ParticleSystems/PSysThumbnail_NoImage.uasset" 141
"../../../Engine/Content/EditorMaterials/ParticleSystems/PSysThumbnail_NoImage.uexp" 142
"C:/Users/Lauti/Documents/GitHub/OMOMBO_Jungle_Kings/OMOMBO_Jungle_Kings/Content/OmomboContent/DataSave/MySaveGame.uasset" 143
"C:/Users/Lauti/Documents/GitHub/OMOMBO_Jungle_Kings/OMOMBO_Jungle_Kings/Content/OmomboContent/DataSave/MySaveGame.uexp" 144
"C:/Users/Lauti/Documents/GitHub/OMOMBO_Jungle_Kings/OMOMBO_Jungle_Kings/Content/OmomboContent/DataSave/MyInstance.uasset" 145
"C:/Users/Lauti/Documents/GitHub/OMOMBO_Jungle_Kings/OMOMBO_Jungle_Kings/Content/OmomboContent/DataSave/MyInstance.uexp" 146
"../../../Engine/Content/EngineResources/DefaultTextureCube.uasset" 147
"../../../Engine/Content/EngineResources/DefaultTextureCube.uexp" 148
"../../../Engine/Content/EngineMaterials/Substrate/Volume/SubstrateSimpleVolumeEnvLUT3D.uasset" 149
"../../../Engine/Content/EngineMaterials/Substrate/Volume/SubstrateSimpleVolumeEnvLUT3D.uexp" 150
"../../../Engine/Content/EngineMaterials/Substrate/Volume/SubstrateSimpleVolumeLUT3D.uasset" 151
"../../../Engine/Content/EngineMaterials/Substrate/Volume/SubstrateSimpleVolumeLUT3D.uexp" 152
"../../../Engine/Content/EngineResources/DefaultVolumeTexture2D.uasset" 153
"../../../Engine/Content/EngineResources/DefaultVolumeTexture2D.uexp" 154
"../../../Engine/Content/EngineResources/DefaultVolumeTexture.uasset" 155
"../../../Engine/Content/EngineResources/DefaultVolumeTexture.uexp" 156
"../../../Engine/Content/Functions/Engine_MaterialFunctions01/Shading/PowerToRoughness.uasset" 157
"../../../Engine/Content/Functions/Engine_MaterialFunctions01/Shading/PowerToRoughness.uexp" 158
"../../../Engine/Content/Functions/Engine_MaterialFunctions01/Shading/ConvertFromDiffSpec.uasset" 159
"../../../Engine/Content/Functions/Engine_MaterialFunctions01/Shading/ConvertFromDiffSpec.uexp" 160
"../../../Engine/Plugins/Interchange/Assets/Content/Functions/MX_AbsorptionVDF.uasset" 161
"../../../Engine/Plugins/Interchange/Assets/Content/Functions/MX_AbsorptionVDF.uexp" 162
"../../../Engine/Plugins/Interchange/Assets/Content/Functions/MX_AnisotropicVDF.uasset" 163
"../../../Engine/Plugins/Interchange/Assets/Content/Functions/MX_AnisotropicVDF.uexp" 164
"../../../Engine/Plugins/Interchange/Assets/Content/Functions/MX_BurleyDiffuseBSDF.uasset" 165
"../../../Engine/Plugins/Interchange/Assets/Content/Functions/MX_BurleyDiffuseBSDF.uexp" 166
"../../../Engine/Plugins/Interchange/Assets/Content/Functions/MX_ConductorBSDF.uasset" 167
"../../../Engine/Plugins/Interchange/Assets/Content/Functions/MX_ConductorBSDF.uexp" 168
"../../../Engine/Plugins/Interchange/Assets/Content/Functions/MX_ConicalEDF.uasset" 169
"../../../Engine/Plugins/Interchange/Assets/Content/Functions/MX_ConicalEDF.uexp" 170
"../../../Engine/Plugins/Interchange/Assets/Content/Functions/MX_DielectricBSDF.uasset" 171
"../../../Engine/Plugins/Interchange/Assets/Content/Functions/MX_DielectricBSDF.uexp" 172
"../../../Engine/Plugins/Interchange/Assets/Content/Functions/MX_GeneralizedSchlickBSDF.uasset" 173
"../../../Engine/Plugins/Interchange/Assets/Content/Functions/MX_GeneralizedSchlickBSDF.uexp" 174
"../../../Engine/Plugins/Interchange/Assets/Content/Functions/MX_MeasuredEDF.uasset" 175
"../../../Engine/Plugins/Interchange/Assets/Content/Functions/MX_MeasuredEDF.uexp" 176
"../../../Engine/Plugins/Interchange/Assets/Content/Utilities/New_LUT.uasset" 177
"../../../Engine/Plugins/Interchange/Assets/Content/Utilities/New_LUT.uexp" 178
"../../../Engine/Content/Functions/Engine_MaterialFunctions03/Math/RemapValueRange.uasset" 179
"../../../Engine/Content/Functions/Engine_MaterialFunctions03/Math/RemapValueRange.uexp" 180
"../../../Engine/Plugins/Interchange/Assets/Content/Functions/MF_Iridescence.uasset" 181
"../../../Engine/Plugins/Interchange/Assets/Content/Functions/MF_Iridescence.uexp" 182
"../../../Engine/Plugins/Interchange/Assets/Content/Functions/MX_StandardSurface.uasset" 183
"../../../Engine/Plugins/Interchange/Assets/Content/Functions/MX_StandardSurface.uexp" 184
"../../../Engine/Plugins/Interchange/Assets/Content/Functions/MX_OpenPBR_Opaque.uasset" 185
"../../../Engine/Plugins/Interchange/Assets/Content/Functions/MX_OpenPBR_Opaque.uexp" 186
"../../../Engine/Plugins/Interchange/Assets/Content/Functions/MX_TransmissionSurface.uasset" 187
"../../../Engine/Plugins/Interchange/Assets/Content/Functions/MX_TransmissionSurface.uexp" 188
"../../../Engine/Plugins/Interchange/Assets/Content/Functions/MX_OpenPBR_Translucent.uasset" 189
"../../../Engine/Plugins/Interchange/Assets/Content/Functions/MX_OpenPBR_Translucent.uexp" 190
"../../../Engine/Plugins/Interchange/Assets/Content/Functions/MX_OrenNayarBSDF.uasset" 191
"../../../Engine/Plugins/Interchange/Assets/Content/Functions/MX_OrenNayarBSDF.uexp" 192
"../../../Engine/Plugins/Interchange/Assets/Content/Functions/MX_SheenBSDF.uasset" 193
"../../../Engine/Plugins/Interchange/Assets/Content/Functions/MX_SheenBSDF.uexp" 194
"../../../Engine/Plugins/Interchange/Assets/Content/Functions/MX_SubsurfaceBSDF.uasset" 195
"../../../Engine/Plugins/Interchange/Assets/Content/Functions/MX_SubsurfaceBSDF.uexp" 196
"../../../Engine/Plugins/Interchange/Assets/Content/Functions/MX_Surface.uasset" 197
"../../../Engine/Plugins/Interchange/Assets/Content/Functions/MX_Surface.uexp" 198
"../../../Engine/Plugins/Interchange/Assets/Content/Functions/MX_SurfaceUnlit.uasset" 199
"../../../Engine/Plugins/Interchange/Assets/Content/Functions/MX_SurfaceUnlit.uexp" 200
"../../../Engine/Plugins/Interchange/Assets/Content/Functions/MX_ThinFilmBSDF.uasset" 201
"../../../Engine/Plugins/Interchange/Assets/Content/Functions/MX_ThinFilmBSDF.uexp" 202
"../../../Engine/Plugins/Interchange/Assets/Content/Functions/MX_TranslucentBSDF.uasset" 203
"../../../Engine/Plugins/Interchange/Assets/Content/Functions/MX_TranslucentBSDF.uexp" 204
"../../../Engine/Plugins/Interchange/Assets/Content/Functions/MX_UniformEDF.uasset" 205
"../../../Engine/Plugins/Interchange/Assets/Content/Functions/MX_UniformEDF.uexp" 206
"../../../Engine/Plugins/Interchange/Assets/Content/Functions/MX_UsdPreviewSurface.uasset" 207
"../../../Engine/Plugins/Interchange/Assets/Content/Functions/MX_UsdPreviewSurface.uexp" 208
"../../../Engine/Content/EngineMeshes/Sphere.ubulk" 209
"../../../Engine/Content/EngineMeshes/Sphere.uasset" 210
"../../../Engine/Content/EngineMeshes/Sphere.uexp" 211
"../../../Engine/Content/EngineMaterials/T_Default_Material_Grid_M.ubulk" 212
"../../../Engine/Content/EngineMaterials/T_Default_Material_Grid_M.uasset" 213
"../../../Engine/Content/EngineMaterials/T_Default_Material_Grid_M.uexp" 214
"../../../Engine/Content/EngineMaterials/T_Default_Material_Grid_N.ubulk" 215
"../../../Engine/Content/EngineMaterials/T_Default_Material_Grid_N.uasset" 216
"../../../Engine/Content/EngineMaterials/T_Default_Material_Grid_N.uexp" 217
"../../../Engine/Content/Functions/Engine_MaterialFunctions01/Opacity/CameraDepthFade.uasset" 218
"../../../Engine/Content/Functions/Engine_MaterialFunctions01/Opacity/CameraDepthFade.uexp" 219
"../../../Engine/Content/EngineMaterials/WorldGridMaterial.uasset" 220
"../../../Engine/Content/EngineMaterials/WorldGridMaterial.uexp" 221
"../../../Engine/Content/ArtTools/RenderToTexture/Meshes/S_1_Unit_Plane.ubulk" 222
"../../../Engine/Content/ArtTools/RenderToTexture/Meshes/S_1_Unit_Plane.uasset" 223
"../../../Engine/Content/ArtTools/RenderToTexture/Meshes/S_1_Unit_Plane.uexp" 224
"../../../Engine/Content/EngineMaterials/Substrate/GLints/AGlintTex2dArray.uasset" 225
"../../../Engine/Content/EngineMaterials/Substrate/GLints/AGlintTex2dArray.uexp" 226
"../../../Engine/Content/EngineMaterials/Substrate/GLints2/AGlintTex2dArray2.uasset" 227
"../../../Engine/Content/EngineMaterials/Substrate/GLints2/AGlintTex2dArray2.uexp" 228
"../../../Engine/Plugins/Interchange/Assets/Content/Functions/MF_PhongToMetalRoughness.uasset" 229
"../../../Engine/Plugins/Interchange/Assets/Content/Functions/MF_PhongToMetalRoughness.uexp" 230
"C:/Users/Lauti/Documents/GitHub/OMOMBO_Jungle_Kings/OMOMBO_Jungle_Kings/Content/OmomboContent/NewFolder/Arissa_NM_normal.ubulk" 231
"C:/Users/Lauti/Documents/GitHub/OMOMBO_Jungle_Kings/OMOMBO_Jungle_Kings/Content/OmomboContent/NewFolder/Arissa_NM_normal.uasset" 232
"C:/Users/Lauti/Documents/GitHub/OMOMBO_Jungle_Kings/OMOMBO_Jungle_Kings/Content/OmomboContent/NewFolder/Arissa_NM_normal.uexp" 233
"C:/Users/Lauti/Documents/GitHub/OMOMBO_Jungle_Kings/OMOMBO_Jungle_Kings/Content/OmomboContent/NewFolder/Arissa_DIFF_diffuse.ubulk" 234
"C:/Users/Lauti/Documents/GitHub/OMOMBO_Jungle_Kings/OMOMBO_Jungle_Kings/Content/OmomboContent/NewFolder/Arissa_DIFF_diffuse.uasset" 235
"C:/Users/Lauti/Documents/GitHub/OMOMBO_Jungle_Kings/OMOMBO_Jungle_Kings/Content/OmomboContent/NewFolder/Arissa_DIFF_diffuse.uexp" 236
"C:/Users/Lauti/Documents/GitHub/OMOMBO_Jungle_Kings/OMOMBO_Jungle_Kings/Content/OmomboContent/NewFolder/Arissa_SPEC_specular.ubulk" 237
"C:/Users/Lauti/Documents/GitHub/OMOMBO_Jungle_Kings/OMOMBO_Jungle_Kings/Content/OmomboContent/NewFolder/Arissa_SPEC_specular.uasset" 238
"C:/Users/Lauti/Documents/GitHub/OMOMBO_Jungle_Kings/OMOMBO_Jungle_Kings/Content/OmomboContent/NewFolder/Arissa_SPEC_specular.uexp" 239
"C:/Users/Lauti/Documents/GitHub/OMOMBO_Jungle_Kings/OMOMBO_Jungle_Kings/Content/OmomboContent/NewFolder/Arissa_MAT.uasset" 240
"C:/Users/Lauti/Documents/GitHub/OMOMBO_Jungle_Kings/OMOMBO_Jungle_Kings/Content/OmomboContent/NewFolder/Arissa_MAT.uexp" 241
"C:/Users/Lauti/Documents/GitHub/OMOMBO_Jungle_Kings/OMOMBO_Jungle_Kings/Content/OmomboContent/NewFolder/character_PhysicsAsset.uasset" 242
"C:/Users/Lauti/Documents/GitHub/OMOMBO_Jungle_Kings/OMOMBO_Jungle_Kings/Content/OmomboContent/NewFolder/character_PhysicsAsset.uexp" 243
"C:/Users/Lauti/Documents/GitHub/OMOMBO_Jungle_Kings/OMOMBO_Jungle_Kings/Content/OmomboContent/NewFolder/character_Skeleton.uasset" 244
"C:/Users/Lauti/Documents/GitHub/OMOMBO_Jungle_Kings/OMOMBO_Jungle_Kings/Content/OmomboContent/NewFolder/character_Skeleton.uexp" 245
"C:/Users/Lauti/Documents/GitHub/OMOMBO_Jungle_Kings/OMOMBO_Jungle_Kings/Content/OmomboContent/NewFolder/character.uasset" 246
"C:/Users/Lauti/Documents/GitHub/OMOMBO_Jungle_Kings/OMOMBO_Jungle_Kings/Content/OmomboContent/NewFolder/character.uexp" 247
"C:/Users/Lauti/Documents/GitHub/OMOMBO_Jungle_Kings/OMOMBO_Jungle_Kings/Content/OmomboContent/Interfaces/IDamageable.uasset" 248
"C:/Users/Lauti/Documents/GitHub/OMOMBO_Jungle_Kings/OMOMBO_Jungle_Kings/Content/OmomboContent/Interfaces/IDamageable.uexp" 249
"C:/Users/Lauti/Documents/GitHub/OMOMBO_Jungle_Kings/OMOMBO_Jungle_Kings/Content/OmomboContent/Enemy/BehaviorTree/BB_Kensa.uasset" 250
"C:/Users/Lauti/Documents/GitHub/OMOMBO_Jungle_Kings/OMOMBO_Jungle_Kings/Content/OmomboContent/Enemy/BehaviorTree/BB_Kensa.uexp" 251
"C:/Users/Lauti/Documents/GitHub/OMOMBO_Jungle_Kings/OMOMBO_Jungle_Kings/Content/OmomboContent/Enemy/BehaviorTree/Task/BTTask_MoveToRandom.uasset" 252
"C:/Users/Lauti/Documents/GitHub/OMOMBO_Jungle_Kings/OMOMBO_Jungle_Kings/Content/OmomboContent/Enemy/BehaviorTree/Task/BTTask_MoveToRandom.uexp" 253
"C:/Users/Lauti/Documents/GitHub/OMOMBO_Jungle_Kings/OMOMBO_Jungle_Kings/Content/OmomboContent/Enemy/BehaviorTree/Task/BTTask_MoveToPedro.uasset" 254
"C:/Users/Lauti/Documents/GitHub/OMOMBO_Jungle_Kings/OMOMBO_Jungle_Kings/Content/OmomboContent/Enemy/BehaviorTree/Task/BTTask_MoveToPedro.uexp" 255
"C:/Users/Lauti/Documents/GitHub/OMOMBO_Jungle_Kings/OMOMBO_Jungle_Kings/Content/OmomboContent/Enemy/BehaviorTree/BT_Kensa.uasset" 256
"C:/Users/Lauti/Documents/GitHub/OMOMBO_Jungle_Kings/OMOMBO_Jungle_Kings/Content/OmomboContent/Enemy/BehaviorTree/BT_Kensa.uexp" 257
"C:/Users/Lauti/Documents/GitHub/OMOMBO_Jungle_Kings/OMOMBO_Jungle_Kings/Content/OmomboContent/Enemy/BehaviorTree/AIKensa_Controller.uasset" 258
"C:/Users/Lauti/Documents/GitHub/OMOMBO_Jungle_Kings/OMOMBO_Jungle_Kings/Content/OmomboContent/Enemy/BehaviorTree/AIKensa_Controller.uexp" 259
"C:/Users/Lauti/Documents/GitHub/OMOMBO_Jungle_Kings/OMOMBO_Jungle_Kings/Content/Characters/Mannequins/Meshes/SK_Mannequin.uasset" 260
"C:/Users/Lauti/Documents/GitHub/OMOMBO_Jungle_Kings/OMOMBO_Jungle_Kings/Content/Characters/Mannequins/Meshes/SK_Mannequin.uexp" 261
"../../../Engine/Content/Animation/DefaultAnimCurveCompressionSettings.uasset" 262
"../../../Engine/Content/Animation/DefaultAnimCurveCompressionSettings.uexp" 263
"../../../Engine/Content/Animation/DefaultAnimBoneCompressionSettings.uasset" 264
"../../../Engine/Content/Animation/DefaultAnimBoneCompressionSettings.uexp" 265
"C:/Users/Lauti/Documents/GitHub/OMOMBO_Jungle_Kings/OMOMBO_Jungle_Kings/Content/Characters/Mannequins/Animations/Quinn/MF_Run_Fwd.uasset" 266
"C:/Users/Lauti/Documents/GitHub/OMOMBO_Jungle_Kings/OMOMBO_Jungle_Kings/Content/Characters/Mannequins/Animations/Quinn/MF_Run_Fwd.uexp" 267
"C:/Users/Lauti/Documents/GitHub/OMOMBO_Jungle_Kings/OMOMBO_Jungle_Kings/Content/Characters/Mannequins/Animations/Quinn/MF_Walk_Fwd.uasset" 268
"C:/Users/Lauti/Documents/GitHub/OMOMBO_Jungle_Kings/OMOMBO_Jungle_Kings/Content/Characters/Mannequins/Animations/Quinn/MF_Walk_Fwd.uexp" 269
"../../../Engine/Content/Animation/DefaultRecorderBoneCompression.uasset" 270
"../../../Engine/Content/Animation/DefaultRecorderBoneCompression.uexp" 271
"C:/Users/Lauti/Documents/GitHub/OMOMBO_Jungle_Kings/OMOMBO_Jungle_Kings/Content/Characters/Mannequins/Animations/Manny/MM_Walk_InPlace.uasset" 272
"C:/Users/Lauti/Documents/GitHub/OMOMBO_Jungle_Kings/OMOMBO_Jungle_Kings/Content/Characters/Mannequins/Animations/Manny/MM_Walk_InPlace.uexp" 273
"C:/Users/Lauti/Documents/GitHub/OMOMBO_Jungle_Kings/OMOMBO_Jungle_Kings/Content/Characters/Mannequins/Animations/Quinn/BS_MF_Unarmed_WalkRun.uasset" 274
"C:/Users/Lauti/Documents/GitHub/OMOMBO_Jungle_Kings/OMOMBO_Jungle_Kings/Content/Characters/Mannequins/Animations/Quinn/BS_MF_Unarmed_WalkRun.uexp" 275
"C:/Users/Lauti/Documents/GitHub/OMOMBO_Jungle_Kings/OMOMBO_Jungle_Kings/Content/Characters/Mannequins/Animations/Quinn/MF_Idle.uasset" 276
"C:/Users/Lauti/Documents/GitHub/OMOMBO_Jungle_Kings/OMOMBO_Jungle_Kings/Content/Characters/Mannequins/Animations/Quinn/MF_Idle.uexp" 277
"../../../Engine/Content/Animation/DefaultVariableFrameStrippingSettings.uasset" 278
"../../../Engine/Content/Animation/DefaultVariableFrameStrippingSettings.uexp" 279
"C:/Users/Lauti/Documents/GitHub/OMOMBO_Jungle_Kings/OMOMBO_Jungle_Kings/Content/Characters/Mannequins/Animations/Manny/MM_Fall_Loop.uasset" 280
"C:/Users/Lauti/Documents/GitHub/OMOMBO_Jungle_Kings/OMOMBO_Jungle_Kings/Content/Characters/Mannequins/Animations/Manny/MM_Fall_Loop.uexp" 281
"C:/Users/Lauti/Documents/GitHub/OMOMBO_Jungle_Kings/OMOMBO_Jungle_Kings/Content/Characters/Mannequins/Animations/Manny/MM_Jump.uasset" 282
"C:/Users/Lauti/Documents/GitHub/OMOMBO_Jungle_Kings/OMOMBO_Jungle_Kings/Content/Characters/Mannequins/Animations/Manny/MM_Jump.uexp" 283
"../../../Engine/Plugins/Animation/ControlRig/Content/Controls/DefaultGizmoLibrary.uasset" 284
"../../../Engine/Plugins/Animation/ControlRig/Content/Controls/DefaultGizmoLibrary.uexp" 285
"C:/Users/Lauti/Documents/GitHub/OMOMBO_Jungle_Kings/OMOMBO_Jungle_Kings/Content/Characters/Mannequins/Rigs/CR_Mannequin_BasicFootIK.uasset" 286
"C:/Users/Lauti/Documents/GitHub/OMOMBO_Jungle_Kings/OMOMBO_Jungle_Kings/Content/Characters/Mannequins/Rigs/CR_Mannequin_BasicFootIK.uexp" 287
"C:/Users/Lauti/Documents/GitHub/OMOMBO_Jungle_Kings/OMOMBO_Jungle_Kings/Content/Characters/Mannequins/Animations/Manny/MM_Run_Fwd.uasset" 288
"C:/Users/Lauti/Documents/GitHub/OMOMBO_Jungle_Kings/OMOMBO_Jungle_Kings/Content/Characters/Mannequins/Animations/Manny/MM_Run_Fwd.uexp" 289
"C:/Users/Lauti/Documents/GitHub/OMOMBO_Jungle_Kings/OMOMBO_Jungle_Kings/Content/Characters/Mannequins/Animations/Manny/MM_Walk_Fwd.uasset" 290
"C:/Users/Lauti/Documents/GitHub/OMOMBO_Jungle_Kings/OMOMBO_Jungle_Kings/Content/Characters/Mannequins/Animations/Manny/MM_Walk_Fwd.uexp" 291
"C:/Users/Lauti/Documents/GitHub/OMOMBO_Jungle_Kings/OMOMBO_Jungle_Kings/Content/Characters/Mannequins/Animations/Manny/BS_MM_WalkRun.uasset" 292
"C:/Users/Lauti/Documents/GitHub/OMOMBO_Jungle_Kings/OMOMBO_Jungle_Kings/Content/Characters/Mannequins/Animations/Manny/BS_MM_WalkRun.uexp" 293
"C:/Users/Lauti/Documents/GitHub/OMOMBO_Jungle_Kings/OMOMBO_Jungle_Kings/Content/Characters/Mannequins/Animations/Manny/MM_Land.uasset" 294
"C:/Users/Lauti/Documents/GitHub/OMOMBO_Jungle_Kings/OMOMBO_Jungle_Kings/Content/Characters/Mannequins/Animations/Manny/MM_Land.uexp" 295
"C:/Users/Lauti/Documents/GitHub/OMOMBO_Jungle_Kings/OMOMBO_Jungle_Kings/Content/Characters/Mannequins/Animations/Manny/MM_Idle.uasset" 296
"C:/Users/Lauti/Documents/GitHub/OMOMBO_Jungle_Kings/OMOMBO_Jungle_Kings/Content/Characters/Mannequins/Animations/Manny/MM_Idle.uexp" 297
"C:/Users/Lauti/Documents/GitHub/OMOMBO_Jungle_Kings/OMOMBO_Jungle_Kings/Content/Characters/Mannequins/Animations/ABP_Manny.uasset" 298
"C:/Users/Lauti/Documents/GitHub/OMOMBO_Jungle_Kings/OMOMBO_Jungle_Kings/Content/Characters/Mannequins/Animations/ABP_Manny.uexp" 299
"C:/Users/Lauti/Documents/GitHub/OMOMBO_Jungle_Kings/OMOMBO_Jungle_Kings/Content/Characters/Mannequins/Animations/ABP_Quinn.uasset" 300
"C:/Users/Lauti/Documents/GitHub/OMOMBO_Jungle_Kings/OMOMBO_Jungle_Kings/Content/Characters/Mannequins/Animations/ABP_Quinn.uexp" 301
"C:/Users/Lauti/Documents/GitHub/OMOMBO_Jungle_Kings/OMOMBO_Jungle_Kings/Content/Characters/Mannequins/Rigs/Poses/Quinn/Quinn_foot_l_pose.uasset" 302
"C:/Users/Lauti/Documents/GitHub/OMOMBO_Jungle_Kings/OMOMBO_Jungle_Kings/Content/Characters/Mannequins/Rigs/Poses/Quinn/Quinn_foot_l_pose.uexp" 303
"C:/Users/Lauti/Documents/GitHub/OMOMBO_Jungle_Kings/OMOMBO_Jungle_Kings/Content/Characters/Mannequins/Rigs/Poses/Quinn/Quinn_clavicle_l_pose.uasset" 304
"C:/Users/Lauti/Documents/GitHub/OMOMBO_Jungle_Kings/OMOMBO_Jungle_Kings/Content/Characters/Mannequins/Rigs/Poses/Quinn/Quinn_clavicle_l_pose.uexp" 305
"C:/Users/Lauti/Documents/GitHub/OMOMBO_Jungle_Kings/OMOMBO_Jungle_Kings/Content/Characters/Mannequins/Rigs/Poses/Quinn/Quinn_clavicle_r_pose.uasset" 306
"C:/Users/Lauti/Documents/GitHub/OMOMBO_Jungle_Kings/OMOMBO_Jungle_Kings/Content/Characters/Mannequins/Rigs/Poses/Quinn/Quinn_clavicle_r_pose.uexp" 307
"C:/Users/Lauti/Documents/GitHub/OMOMBO_Jungle_Kings/OMOMBO_Jungle_Kings/Content/Characters/Mannequins/Rigs/Poses/Quinn/Quinn_upperarm_l_pose.uasset" 308
"C:/Users/Lauti/Documents/GitHub/OMOMBO_Jungle_Kings/OMOMBO_Jungle_Kings/Content/Characters/Mannequins/Rigs/Poses/Quinn/Quinn_upperarm_l_pose.uexp" 309
"C:/Users/Lauti/Documents/GitHub/OMOMBO_Jungle_Kings/OMOMBO_Jungle_Kings/Content/Characters/Mannequins/Rigs/Poses/Quinn/Quinn_lowerarm_l_pose.uasset" 310
"C:/Users/Lauti/Documents/GitHub/OMOMBO_Jungle_Kings/OMOMBO_Jungle_Kings/Content/Characters/Mannequins/Rigs/Poses/Quinn/Quinn_lowerarm_l_pose.uexp" 311
"C:/Users/Lauti/Documents/GitHub/OMOMBO_Jungle_Kings/OMOMBO_Jungle_Kings/Content/Characters/Mannequins/Rigs/Poses/Quinn/Quinn_calf_l_pose.uasset" 312
"C:/Users/Lauti/Documents/GitHub/OMOMBO_Jungle_Kings/OMOMBO_Jungle_Kings/Content/Characters/Mannequins/Rigs/Poses/Quinn/Quinn_calf_l_pose.uexp" 313
"C:/Users/Lauti/Documents/GitHub/OMOMBO_Jungle_Kings/OMOMBO_Jungle_Kings/Content/Characters/Mannequins/Rigs/CR_Mannequin_Procedural.uasset" 314
"C:/Users/Lauti/Documents/GitHub/OMOMBO_Jungle_Kings/OMOMBO_Jungle_Kings/Content/Characters/Mannequins/Rigs/CR_Mannequin_Procedural.uexp" 315
"C:/Users/Lauti/Documents/GitHub/OMOMBO_Jungle_Kings/OMOMBO_Jungle_Kings/Content/Characters/Mannequins/Rigs/Poses/Quinn/Quinn_upperarm_r_pose.uasset" 316
"C:/Users/Lauti/Documents/GitHub/OMOMBO_Jungle_Kings/OMOMBO_Jungle_Kings/Content/Characters/Mannequins/Rigs/Poses/Quinn/Quinn_upperarm_r_pose.uexp" 317
"C:/Users/Lauti/Documents/GitHub/OMOMBO_Jungle_Kings/OMOMBO_Jungle_Kings/Content/Characters/Mannequins/Rigs/Poses/Quinn/Quinn_calf_r_pose.uasset" 318
"C:/Users/Lauti/Documents/GitHub/OMOMBO_Jungle_Kings/OMOMBO_Jungle_Kings/Content/Characters/Mannequins/Rigs/Poses/Quinn/Quinn_calf_r_pose.uexp" 319
"C:/Users/Lauti/Documents/GitHub/OMOMBO_Jungle_Kings/OMOMBO_Jungle_Kings/Content/Characters/Mannequins/Rigs/Poses/Quinn/Quinn_foot_r_pose.uasset" 320
"C:/Users/Lauti/Documents/GitHub/OMOMBO_Jungle_Kings/OMOMBO_Jungle_Kings/Content/Characters/Mannequins/Rigs/Poses/Quinn/Quinn_foot_r_pose.uexp" 321
"C:/Users/Lauti/Documents/GitHub/OMOMBO_Jungle_Kings/OMOMBO_Jungle_Kings/Content/Characters/Mannequins/Rigs/Poses/Quinn/Quinn_lowerarm_r_pose.uasset" 322
"C:/Users/Lauti/Documents/GitHub/OMOMBO_Jungle_Kings/OMOMBO_Jungle_Kings/Content/Characters/Mannequins/Rigs/Poses/Quinn/Quinn_lowerarm_r_pose.uexp" 323
"C:/Users/Lauti/Documents/GitHub/OMOMBO_Jungle_Kings/OMOMBO_Jungle_Kings/Content/Characters/Mannequins/Rigs/Poses/Quinn/Quinn_thigh_l_pose.uasset" 324
"C:/Users/Lauti/Documents/GitHub/OMOMBO_Jungle_Kings/OMOMBO_Jungle_Kings/Content/Characters/Mannequins/Rigs/Poses/Quinn/Quinn_thigh_l_pose.uexp" 325
"C:/Users/Lauti/Documents/GitHub/OMOMBO_Jungle_Kings/OMOMBO_Jungle_Kings/Content/Characters/Mannequins/Rigs/Poses/Quinn/Quinn_thigh_r_pose.uasset" 326
"C:/Users/Lauti/Documents/GitHub/OMOMBO_Jungle_Kings/OMOMBO_Jungle_Kings/Content/Characters/Mannequins/Rigs/Poses/Quinn/Quinn_thigh_r_pose.uexp" 327
"C:/Users/Lauti/Documents/GitHub/OMOMBO_Jungle_Kings/OMOMBO_Jungle_Kings/Content/Characters/Mannequins/Rigs/Poses/Quinn/Quinn_hand_l_pose.uasset" 328
"C:/Users/Lauti/Documents/GitHub/OMOMBO_Jungle_Kings/OMOMBO_Jungle_Kings/Content/Characters/Mannequins/Rigs/Poses/Quinn/Quinn_hand_l_pose.uexp" 329
"C:/Users/Lauti/Documents/GitHub/OMOMBO_Jungle_Kings/OMOMBO_Jungle_Kings/Content/Characters/Mannequins/Rigs/Poses/Quinn/Quinn_hand_r_pose.uasset" 330
"C:/Users/Lauti/Documents/GitHub/OMOMBO_Jungle_Kings/OMOMBO_Jungle_Kings/Content/Characters/Mannequins/Rigs/Poses/Quinn/Quinn_hand_r_pose.uexp" 331
"C:/Users/Lauti/Documents/GitHub/OMOMBO_Jungle_Kings/OMOMBO_Jungle_Kings/Content/Characters/Mannequins/Rigs/ABP_Quinn_PostProcess.uasset" 332
"C:/Users/Lauti/Documents/GitHub/OMOMBO_Jungle_Kings/OMOMBO_Jungle_Kings/Content/Characters/Mannequins/Rigs/ABP_Quinn_PostProcess.uexp" 333
"C:/Users/Lauti/Documents/GitHub/OMOMBO_Jungle_Kings/OMOMBO_Jungle_Kings/Content/Characters/Mannequins/Textures/Quinn/T_Quinn_02ID_MSR_MSK.ubulk" 334
"C:/Users/Lauti/Documents/GitHub/OMOMBO_Jungle_Kings/OMOMBO_Jungle_Kings/Content/Characters/Mannequins/Textures/Quinn/T_Quinn_02ID_MSR_MSK.uasset" 335
"C:/Users/Lauti/Documents/GitHub/OMOMBO_Jungle_Kings/OMOMBO_Jungle_Kings/Content/Characters/Mannequins/Textures/Quinn/T_Quinn_02ID_MSR_MSK.uexp" 336
"C:/Users/Lauti/Documents/GitHub/OMOMBO_Jungle_Kings/OMOMBO_Jungle_Kings/Content/Characters/Mannequins/Textures/Quinn/T_Quinn_02ID_BN.ubulk" 337
"C:/Users/Lauti/Documents/GitHub/OMOMBO_Jungle_Kings/OMOMBO_Jungle_Kings/Content/Characters/Mannequins/Textures/Quinn/T_Quinn_02ID_BN.uasset" 338
"C:/Users/Lauti/Documents/GitHub/OMOMBO_Jungle_Kings/OMOMBO_Jungle_Kings/Content/Characters/Mannequins/Textures/Quinn/T_Quinn_02ID_BN.uexp" 339
"C:/Users/Lauti/Documents/GitHub/OMOMBO_Jungle_Kings/OMOMBO_Jungle_Kings/Content/Characters/Mannequins/Textures/Quinn/T_Quinn_02_ASAOMASK_MSK.ubulk" 340
"C:/Users/Lauti/Documents/GitHub/OMOMBO_Jungle_Kings/OMOMBO_Jungle_Kings/Content/Characters/Mannequins/Textures/Quinn/T_Quinn_02_ASAOMASK_MSK.uasset" 341
"C:/Users/Lauti/Documents/GitHub/OMOMBO_Jungle_Kings/OMOMBO_Jungle_Kings/Content/Characters/Mannequins/Textures/Quinn/T_Quinn_02_ASAOMASK_MSK.uexp" 342
"C:/Users/Lauti/Documents/GitHub/OMOMBO_Jungle_Kings/OMOMBO_Jungle_Kings/Content/Characters/Mannequins/Textures/Quinn/T_Quinn_02_CCRCCPlastic_MSK.ubulk" 343
"C:/Users/Lauti/Documents/GitHub/OMOMBO_Jungle_Kings/OMOMBO_Jungle_Kings/Content/Characters/Mannequins/Textures/Quinn/T_Quinn_02_CCRCCPlastic_MSK.uasset" 344
"C:/Users/Lauti/Documents/GitHub/OMOMBO_Jungle_Kings/OMOMBO_Jungle_Kings/Content/Characters/Mannequins/Textures/Quinn/T_Quinn_02_CCRCCPlastic_MSK.uexp" 345
"C:/Users/Lauti/Documents/GitHub/OMOMBO_Jungle_Kings/OMOMBO_Jungle_Kings/Content/Characters/Mannequins/Textures/Quinn/T_Quinn_02ID_Tan.ubulk" 346
"C:/Users/Lauti/Documents/GitHub/OMOMBO_Jungle_Kings/OMOMBO_Jungle_Kings/Content/Characters/Mannequins/Textures/Quinn/T_Quinn_02ID_Tan.uasset" 347
"C:/Users/Lauti/Documents/GitHub/OMOMBO_Jungle_Kings/OMOMBO_Jungle_Kings/Content/Characters/Mannequins/Textures/Quinn/T_Quinn_02ID_Tan.uexp" 348
"C:/Users/Lauti/Documents/GitHub/OMOMBO_Jungle_Kings/OMOMBO_Jungle_Kings/Content/Characters/Mannequins/Textures/Quinn/T_Quinn_02ID_D.ubulk" 349
"C:/Users/Lauti/Documents/GitHub/OMOMBO_Jungle_Kings/OMOMBO_Jungle_Kings/Content/Characters/Mannequins/Textures/Quinn/T_Quinn_02ID_D.uasset" 350
"C:/Users/Lauti/Documents/GitHub/OMOMBO_Jungle_Kings/OMOMBO_Jungle_Kings/Content/Characters/Mannequins/Textures/Quinn/T_Quinn_02ID_D.uexp" 351
"C:/Users/Lauti/Documents/GitHub/OMOMBO_Jungle_Kings/OMOMBO_Jungle_Kings/Content/Characters/Mannequins/Textures/Quinn/T_Quinn_01ID_MSR_MSK.ubulk" 352
"C:/Users/Lauti/Documents/GitHub/OMOMBO_Jungle_Kings/OMOMBO_Jungle_Kings/Content/Characters/Mannequins/Textures/Quinn/T_Quinn_01ID_MSR_MSK.uasset" 353
"C:/Users/Lauti/Documents/GitHub/OMOMBO_Jungle_Kings/OMOMBO_Jungle_Kings/Content/Characters/Mannequins/Textures/Quinn/T_Quinn_01ID_MSR_MSK.uexp" 354
"C:/Users/Lauti/Documents/GitHub/OMOMBO_Jungle_Kings/OMOMBO_Jungle_Kings/Content/Characters/Mannequins/Materials/Functions/ChromaticCurve.uasset" 355
"C:/Users/Lauti/Documents/GitHub/OMOMBO_Jungle_Kings/OMOMBO_Jungle_Kings/Content/Characters/Mannequins/Materials/Functions/ChromaticCurve.uexp" 356
"C:/Users/Lauti/Documents/GitHub/OMOMBO_Jungle_Kings/OMOMBO_Jungle_Kings/Content/Characters/Mannequins/Materials/Functions/CA_Mannequin.uasset" 357
"C:/Users/Lauti/Documents/GitHub/OMOMBO_Jungle_Kings/OMOMBO_Jungle_Kings/Content/Characters/Mannequins/Materials/Functions/CA_Mannequin.uexp" 358
"C:/Users/Lauti/Documents/GitHub/OMOMBO_Jungle_Kings/OMOMBO_Jungle_Kings/Content/Characters/Mannequins/Materials/Functions/MF_Diffraction.uasset" 359
"C:/Users/Lauti/Documents/GitHub/OMOMBO_Jungle_Kings/OMOMBO_Jungle_Kings/Content/Characters/Mannequins/Materials/Functions/MF_Diffraction.uexp" 360
"C:/Users/Lauti/Documents/GitHub/OMOMBO_Jungle_Kings/OMOMBO_Jungle_Kings/Content/Characters/Mannequins/Textures/Manny/T_Manny_01_N.ubulk" 361
"C:/Users/Lauti/Documents/GitHub/OMOMBO_Jungle_Kings/OMOMBO_Jungle_Kings/Content/Characters/Mannequins/Textures/Manny/T_Manny_01_N.uasset" 362
"C:/Users/Lauti/Documents/GitHub/OMOMBO_Jungle_Kings/OMOMBO_Jungle_Kings/Content/Characters/Mannequins/Textures/Manny/T_Manny_01_N.uexp" 363
"C:/Users/Lauti/Documents/GitHub/OMOMBO_Jungle_Kings/OMOMBO_Jungle_Kings/Content/Characters/Mannequins/Materials/Functions/ML_BaseColorFallOff.uasset" 364
"C:/Users/Lauti/Documents/GitHub/OMOMBO_Jungle_Kings/OMOMBO_Jungle_Kings/Content/Characters/Mannequins/Materials/Functions/ML_BaseColorFallOff.uexp" 365
"../../../Engine/Content/Functions/Engine_MaterialFunctions02/Utility/BreakOutFloat2Components.uasset" 366
"../../../Engine/Content/Functions/Engine_MaterialFunctions02/Utility/BreakOutFloat2Components.uexp" 367
"../../../Engine/Content/Functions/Engine_MaterialFunctions01/Texturing/ScaleUVsByCenter.uasset" 368
"../../../Engine/Content/Functions/Engine_MaterialFunctions01/Texturing/ScaleUVsByCenter.uexp" 369
"C:/Users/Lauti/Documents/GitHub/OMOMBO_Jungle_Kings/OMOMBO_Jungle_Kings/Content/Characters/Mannequins/Textures/Shared/T_UE_Logo_M.uasset" 370
"C:/Users/Lauti/Documents/GitHub/OMOMBO_Jungle_Kings/OMOMBO_Jungle_Kings/Content/Characters/Mannequins/Textures/Shared/T_UE_Logo_M.uexp" 371
"C:/Users/Lauti/Documents/GitHub/OMOMBO_Jungle_Kings/OMOMBO_Jungle_Kings/Content/Characters/Mannequins/Materials/Functions/MF_logo3layers.uasset" 372
"C:/Users/Lauti/Documents/GitHub/OMOMBO_Jungle_Kings/OMOMBO_Jungle_Kings/Content/Characters/Mannequins/Materials/Functions/MF_logo3layers.uexp" 373
"C:/Users/Lauti/Documents/GitHub/OMOMBO_Jungle_Kings/OMOMBO_Jungle_Kings/Content/Characters/Mannequins/Textures/Manny/T_Manny_01_CCRCCPlastic_MSK.ubulk" 374
"C:/Users/Lauti/Documents/GitHub/OMOMBO_Jungle_Kings/OMOMBO_Jungle_Kings/Content/Characters/Mannequins/Textures/Manny/T_Manny_01_CCRCCPlastic_MSK.uasset" 375
"C:/Users/Lauti/Documents/GitHub/OMOMBO_Jungle_Kings/OMOMBO_Jungle_Kings/Content/Characters/Mannequins/Textures/Manny/T_Manny_01_CCRCCPlastic_MSK.uexp" 376
"C:/Users/Lauti/Documents/GitHub/OMOMBO_Jungle_Kings/OMOMBO_Jungle_Kings/Content/Characters/Mannequins/Textures/Manny/T_Manny_01_ASAOPMASK_MSK.ubulk" 377
"C:/Users/Lauti/Documents/GitHub/OMOMBO_Jungle_Kings/OMOMBO_Jungle_Kings/Content/Characters/Mannequins/Textures/Manny/T_Manny_01_ASAOPMASK_MSK.uasset" 378
"C:/Users/Lauti/Documents/GitHub/OMOMBO_Jungle_Kings/OMOMBO_Jungle_Kings/Content/Characters/Mannequins/Textures/Manny/T_Manny_01_ASAOPMASK_MSK.uexp" 379
"C:/Users/Lauti/Documents/GitHub/OMOMBO_Jungle_Kings/OMOMBO_Jungle_Kings/Content/Characters/Mannequins/Textures/Manny/T_Manny_01_MSR_MSK.ubulk" 380
"C:/Users/Lauti/Documents/GitHub/OMOMBO_Jungle_Kings/OMOMBO_Jungle_Kings/Content/Characters/Mannequins/Textures/Manny/T_Manny_01_MSR_MSK.uasset" 381
"C:/Users/Lauti/Documents/GitHub/OMOMBO_Jungle_Kings/OMOMBO_Jungle_Kings/Content/Characters/Mannequins/Textures/Manny/T_Manny_01_MSR_MSK.uexp" 382
"C:/Users/Lauti/Documents/GitHub/OMOMBO_Jungle_Kings/OMOMBO_Jungle_Kings/Content/Characters/Mannequins/Textures/Manny/T_Manny_01_BN.ubulk" 383
"C:/Users/Lauti/Documents/GitHub/OMOMBO_Jungle_Kings/OMOMBO_Jungle_Kings/Content/Characters/Mannequins/Textures/Manny/T_Manny_01_BN.uasset" 384
"C:/Users/Lauti/Documents/GitHub/OMOMBO_Jungle_Kings/OMOMBO_Jungle_Kings/Content/Characters/Mannequins/Textures/Manny/T_Manny_01_BN.uexp" 385
"C:/Users/Lauti/Documents/GitHub/OMOMBO_Jungle_Kings/OMOMBO_Jungle_Kings/Content/Characters/Mannequins/Textures/Manny/T_Manny_01_D.ubulk" 386
"C:/Users/Lauti/Documents/GitHub/OMOMBO_Jungle_Kings/OMOMBO_Jungle_Kings/Content/Characters/Mannequins/Textures/Manny/T_Manny_01_D.uasset" 387
"C:/Users/Lauti/Documents/GitHub/OMOMBO_Jungle_Kings/OMOMBO_Jungle_Kings/Content/Characters/Mannequins/Textures/Manny/T_Manny_01_D.uexp" 388
"C:/Users/Lauti/Documents/GitHub/OMOMBO_Jungle_Kings/OMOMBO_Jungle_Kings/Content/Characters/Mannequins/Textures/Manny/T_Manny_01_Tan.ubulk" 389
"C:/Users/Lauti/Documents/GitHub/OMOMBO_Jungle_Kings/OMOMBO_Jungle_Kings/Content/Characters/Mannequins/Textures/Manny/T_Manny_01_Tan.uasset" 390
"C:/Users/Lauti/Documents/GitHub/OMOMBO_Jungle_Kings/OMOMBO_Jungle_Kings/Content/Characters/Mannequins/Textures/Manny/T_Manny_01_Tan.uexp" 391
"C:/Users/Lauti/Documents/GitHub/OMOMBO_Jungle_Kings/OMOMBO_Jungle_Kings/Content/Characters/Mannequins/Materials/M_Mannequin.uasset" 392
"C:/Users/Lauti/Documents/GitHub/OMOMBO_Jungle_Kings/OMOMBO_Jungle_Kings/Content/Characters/Mannequins/Materials/M_Mannequin.uexp" 393
"C:/Users/Lauti/Documents/GitHub/OMOMBO_Jungle_Kings/OMOMBO_Jungle_Kings/Content/Characters/Mannequins/Textures/Quinn/T_Quinn_01_ASAOMASK_MSK.ubulk" 394
"C:/Users/Lauti/Documents/GitHub/OMOMBO_Jungle_Kings/OMOMBO_Jungle_Kings/Content/Characters/Mannequins/Textures/Quinn/T_Quinn_01_ASAOMASK_MSK.uasset" 395
"C:/Users/Lauti/Documents/GitHub/OMOMBO_Jungle_Kings/OMOMBO_Jungle_Kings/Content/Characters/Mannequins/Textures/Quinn/T_Quinn_01_ASAOMASK_MSK.uexp" 396
"C:/Users/Lauti/Documents/GitHub/OMOMBO_Jungle_Kings/OMOMBO_Jungle_Kings/Content/Characters/Mannequins/Textures/Quinn/T_Quinn_01ID_N.ubulk" 397
"C:/Users/Lauti/Documents/GitHub/OMOMBO_Jungle_Kings/OMOMBO_Jungle_Kings/Content/Characters/Mannequins/Textures/Quinn/T_Quinn_01ID_N.uasset" 398
"C:/Users/Lauti/Documents/GitHub/OMOMBO_Jungle_Kings/OMOMBO_Jungle_Kings/Content/Characters/Mannequins/Textures/Quinn/T_Quinn_01ID_N.uexp" 399
"C:/Users/Lauti/Documents/GitHub/OMOMBO_Jungle_Kings/OMOMBO_Jungle_Kings/Content/Characters/Mannequins/Textures/Quinn/T_Quinn_01ID_BN.ubulk" 400
"C:/Users/Lauti/Documents/GitHub/OMOMBO_Jungle_Kings/OMOMBO_Jungle_Kings/Content/Characters/Mannequins/Textures/Quinn/T_Quinn_01ID_BN.uasset" 401
"C:/Users/Lauti/Documents/GitHub/OMOMBO_Jungle_Kings/OMOMBO_Jungle_Kings/Content/Characters/Mannequins/Textures/Quinn/T_Quinn_01ID_BN.uexp" 402
"C:/Users/Lauti/Documents/GitHub/OMOMBO_Jungle_Kings/OMOMBO_Jungle_Kings/Content/Characters/Mannequins/Textures/Quinn/T_Quinn_01ID_D.ubulk" 403
"C:/Users/Lauti/Documents/GitHub/OMOMBO_Jungle_Kings/OMOMBO_Jungle_Kings/Content/Characters/Mannequins/Textures/Quinn/T_Quinn_01ID_D.uasset" 404
"C:/Users/Lauti/Documents/GitHub/OMOMBO_Jungle_Kings/OMOMBO_Jungle_Kings/Content/Characters/Mannequins/Textures/Quinn/T_Quinn_01ID_D.uexp" 405
"C:/Users/Lauti/Documents/GitHub/OMOMBO_Jungle_Kings/OMOMBO_Jungle_Kings/Content/Characters/Mannequins/Textures/Quinn/T_Quinn_01ID_Tan.ubulk" 406
"C:/Users/Lauti/Documents/GitHub/OMOMBO_Jungle_Kings/OMOMBO_Jungle_Kings/Content/Characters/Mannequins/Textures/Quinn/T_Quinn_01ID_Tan.uasset" 407
"C:/Users/Lauti/Documents/GitHub/OMOMBO_Jungle_Kings/OMOMBO_Jungle_Kings/Content/Characters/Mannequins/Textures/Quinn/T_Quinn_01ID_Tan.uexp" 408
"C:/Users/Lauti/Documents/GitHub/OMOMBO_Jungle_Kings/OMOMBO_Jungle_Kings/Content/Characters/Mannequins/Textures/Quinn/T_Quinn_01_CCRCCPlastic_MSK.ubulk" 409
"C:/Users/Lauti/Documents/GitHub/OMOMBO_Jungle_Kings/OMOMBO_Jungle_Kings/Content/Characters/Mannequins/Textures/Quinn/T_Quinn_01_CCRCCPlastic_MSK.uasset" 410
"C:/Users/Lauti/Documents/GitHub/OMOMBO_Jungle_Kings/OMOMBO_Jungle_Kings/Content/Characters/Mannequins/Textures/Quinn/T_Quinn_01_CCRCCPlastic_MSK.uexp" 411
"C:/Users/Lauti/Documents/GitHub/OMOMBO_Jungle_Kings/OMOMBO_Jungle_Kings/Content/Characters/Mannequins/Materials/Instances/Quinn/MI_Quinn_01.uasset" 412
"C:/Users/Lauti/Documents/GitHub/OMOMBO_Jungle_Kings/OMOMBO_Jungle_Kings/Content/Characters/Mannequins/Materials/Instances/Quinn/MI_Quinn_01.uexp" 413
"C:/Users/Lauti/Documents/GitHub/OMOMBO_Jungle_Kings/OMOMBO_Jungle_Kings/Content/Characters/Mannequins/Textures/Quinn/T_Quinn_02ID_N.ubulk" 414
"C:/Users/Lauti/Documents/GitHub/OMOMBO_Jungle_Kings/OMOMBO_Jungle_Kings/Content/Characters/Mannequins/Textures/Quinn/T_Quinn_02ID_N.uasset" 415
"C:/Users/Lauti/Documents/GitHub/OMOMBO_Jungle_Kings/OMOMBO_Jungle_Kings/Content/Characters/Mannequins/Textures/Quinn/T_Quinn_02ID_N.uexp" 416
"C:/Users/Lauti/Documents/GitHub/OMOMBO_Jungle_Kings/OMOMBO_Jungle_Kings/Content/Characters/Mannequins/Materials/Instances/Quinn/MI_Quinn_02.uasset" 417
"C:/Users/Lauti/Documents/GitHub/OMOMBO_Jungle_Kings/OMOMBO_Jungle_Kings/Content/Characters/Mannequins/Materials/Instances/Quinn/MI_Quinn_02.uexp" 418
"C:/Users/Lauti/Documents/GitHub/OMOMBO_Jungle_Kings/OMOMBO_Jungle_Kings/Content/Characters/Mannequins/Rigs/PA_Mannequin.uasset" 419
"C:/Users/Lauti/Documents/GitHub/OMOMBO_Jungle_Kings/OMOMBO_Jungle_Kings/Content/Characters/Mannequins/Rigs/PA_Mannequin.uexp" 420
"C:/Users/Lauti/Documents/GitHub/OMOMBO_Jungle_Kings/OMOMBO_Jungle_Kings/Content/Characters/Mannequins/Meshes/SKM_Quinn.uasset" 421
"C:/Users/Lauti/Documents/GitHub/OMOMBO_Jungle_Kings/OMOMBO_Jungle_Kings/Content/Characters/Mannequins/Meshes/SKM_Quinn.uexp" 422
"C:/Users/Lauti/Documents/GitHub/OMOMBO_Jungle_Kings/OMOMBO_Jungle_Kings/Content/OmomboContent/NewFolder/RTG_AutoGenerated.uasset" 423
"C:/Users/Lauti/Documents/GitHub/OMOMBO_Jungle_Kings/OMOMBO_Jungle_Kings/Content/OmomboContent/NewFolder/RTG_AutoGenerated.uexp" 424
"C:/Users/Lauti/Documents/GitHub/OMOMBO_Jungle_Kings/OMOMBO_Jungle_Kings/Content/OmomboContent/NewFolder/ABP_Kenssa.uasset" 425
"C:/Users/Lauti/Documents/GitHub/OMOMBO_Jungle_Kings/OMOMBO_Jungle_Kings/Content/OmomboContent/NewFolder/ABP_Kenssa.uexp" 426
"C:/Users/Lauti/Documents/GitHub/OMOMBO_Jungle_Kings/OMOMBO_Jungle_Kings/Content/OmomboContent/ObjectsAndCharacters/BPKensa.uasset" 427
"C:/Users/Lauti/Documents/GitHub/OMOMBO_Jungle_Kings/OMOMBO_Jungle_Kings/Content/OmomboContent/ObjectsAndCharacters/BPKensa.uexp" 428
"C:/Users/Lauti/Documents/GitHub/OMOMBO_Jungle_Kings/OMOMBO_Jungle_Kings/Content/OmomboContent/Enemy/BehaviorTree/Anim/ABD_Kensa.uasset" 429
"C:/Users/Lauti/Documents/GitHub/OMOMBO_Jungle_Kings/OMOMBO_Jungle_Kings/Content/OmomboContent/Enemy/BehaviorTree/Anim/ABD_Kensa.uexp" 430
"C:/Users/Lauti/Documents/GitHub/OMOMBO_Jungle_Kings/OMOMBO_Jungle_Kings/Content/OmomboContent/Enemy/BehaviorTree/Anim/ABP_Kensa.uasset" 431
"C:/Users/Lauti/Documents/GitHub/OMOMBO_Jungle_Kings/OMOMBO_Jungle_Kings/Content/OmomboContent/Enemy/BehaviorTree/Anim/ABP_Kensa.uexp" 432
"../../../Engine/Content/Functions/Engine_MaterialFunctions02/Utility/BreakOutFloat3Components.uasset" 433
"../../../Engine/Content/Functions/Engine_MaterialFunctions02/Utility/BreakOutFloat3Components.uexp" 434
"../../../Engine/Content/Functions/Engine_MaterialFunctions02/Math/Transform3x3Matrix.uasset" 435
"../../../Engine/Content/Functions/Engine_MaterialFunctions02/Math/Transform3x3Matrix.uexp" 436
"../../../Engine/Plugins/Interchange/Assets/Content/gltf/Textures/T_White_srgb.uasset" 437
"../../../Engine/Plugins/Interchange/Assets/Content/gltf/Textures/T_White_srgb.uexp" 438
"../../../Engine/Plugins/Interchange/Assets/Content/gltf/MaterialFunctions/MF_Specular.uasset" 439
"../../../Engine/Plugins/Interchange/Assets/Content/gltf/MaterialFunctions/MF_Specular.uexp" 440
"../../../Engine/Plugins/Interchange/Assets/Content/gltf/Textures/T_Anisotropy_Direction_Linear.uasset" 441
"../../../Engine/Plugins/Interchange/Assets/Content/gltf/Textures/T_Anisotropy_Direction_Linear.uexp" 442
"../../../Engine/Plugins/Interchange/Assets/Content/gltf/MaterialFunctions/MF_SpecularAnisotropy.uasset" 443
"../../../Engine/Plugins/Interchange/Assets/Content/gltf/MaterialFunctions/MF_SpecularAnisotropy.uexp" 444
"../../../Engine/Plugins/Interchange/Assets/Content/gltf/Textures/T_White_Linear.uasset" 445
"../../../Engine/Plugins/Interchange/Assets/Content/gltf/Textures/T_White_Linear.uexp" 446
"../../../Engine/Plugins/Interchange/Assets/Content/gltf/MaterialFunctions/MF_MetallicRoughness.uasset" 447
"../../../Engine/Plugins/Interchange/Assets/Content/gltf/MaterialFunctions/MF_MetallicRoughness.uexp" 448
"../../../Engine/Plugins/Interchange/Assets/Content/gltf/Textures/T_Generic_N.uasset" 449
"../../../Engine/Plugins/Interchange/Assets/Content/gltf/Textures/T_Generic_N.uexp" 450
"../../../Engine/Content/Functions/Engine_MaterialFunctions02/Utility/MakeFloat3.uasset" 451
"../../../Engine/Content/Functions/Engine_MaterialFunctions02/Utility/MakeFloat3.uexp" 452
"../../../Engine/Plugins/Interchange/Assets/Content/gltf/MaterialFunctions/MF_ScaleNormal.uasset" 453
"../../../Engine/Plugins/Interchange/Assets/Content/gltf/MaterialFunctions/MF_ScaleNormal.uexp" 454
"../../../Engine/Plugins/Interchange/Assets/Content/gltf/MaterialFunctions/MF_BaseColor.uasset" 455
"../../../Engine/Plugins/Interchange/Assets/Content/gltf/MaterialFunctions/MF_BaseColor.uexp" 456
"../../../Engine/Plugins/Interchange/Assets/Content/gltf/MaterialFunctions/MF_Iridescence.uasset" 457
"../../../Engine/Plugins/Interchange/Assets/Content/gltf/MaterialFunctions/MF_Iridescence.uexp" 458
"../../../Engine/Plugins/Interchange/Assets/Content/gltf/MaterialFunctions/MF_Occlusion.uasset" 459
"../../../Engine/Plugins/Interchange/Assets/Content/gltf/MaterialFunctions/MF_Occlusion.uexp" 460
"../../../Engine/Plugins/Interchange/Assets/Content/gltf/MaterialFunctions/MF_IOR.uasset" 461
"../../../Engine/Plugins/Interchange/Assets/Content/gltf/MaterialFunctions/MF_IOR.uexp" 462
"../../../Engine/Plugins/Interchange/Assets/Content/gltf/MaterialFunctions/MF_RotateV2.uasset" 463
"../../../Engine/Plugins/Interchange/Assets/Content/gltf/MaterialFunctions/MF_RotateV2.uexp" 464
"../../../Engine/Plugins/Interchange/Assets/Content/gltf/MaterialFunctions/MF_TransformUVs.uasset" 465
"../../../Engine/Plugins/Interchange/Assets/Content/gltf/MaterialFunctions/MF_TransformUVs.uexp" 466
"../../../Engine/Plugins/Interchange/Assets/Content/gltf/MaterialFunctions/MF_Emissive.uasset" 467
"../../../Engine/Plugins/Interchange/Assets/Content/gltf/MaterialFunctions/MF_Emissive.uexp" 468
"../../../Engine/Plugins/Interchange/Assets/Content/gltf/MaterialFunctions/MF_RotateNormals_TS.uasset" 469
"../../../Engine/Plugins/Interchange/Assets/Content/gltf/MaterialFunctions/MF_RotateNormals_TS.uexp" 470
"../../../Engine/Plugins/Interchange/Assets/Content/gltf/MaterialFunctions/MF_Normals.uasset" 471
"../../../Engine/Plugins/Interchange/Assets/Content/gltf/MaterialFunctions/MF_Normals.uexp" 472
"../../../Engine/Content/Functions/Engine_MaterialFunctions01/Texturing/FlattenNormal.uasset" 473
"../../../Engine/Content/Functions/Engine_MaterialFunctions01/Texturing/FlattenNormal.uexp" 474
"../../../Engine/Plugins/Interchange/Assets/Content/gltf/MaterialFunctions/MF_Clearcoat.uasset" 475
"../../../Engine/Plugins/Interchange/Assets/Content/gltf/MaterialFunctions/MF_Clearcoat.uexp" 476
"../../../Engine/Plugins/Interchange/Assets/Content/gltf/MaterialBodies/MF_ClearCoat_Body.uasset" 477
"../../../Engine/Plugins/Interchange/Assets/Content/gltf/MaterialBodies/MF_ClearCoat_Body.uexp" 478
"../../../Engine/Plugins/Interchange/Assets/Content/gltf/M_ClearCoat.uasset" 479
"../../../Engine/Plugins/Interchange/Assets/Content/gltf/M_ClearCoat.uexp" 480
"../../../Engine/Plugins/Interchange/Assets/Content/gltf/MaterialInstances/MI_ClearCoat_Blend.uasset" 481
"../../../Engine/Plugins/Interchange/Assets/Content/gltf/MaterialInstances/MI_ClearCoat_Blend.uexp" 482
"../../../Engine/Plugins/Interchange/Assets/Content/gltf/MaterialInstances/MI_ClearCoat_Blend_DS.uasset" 483
"../../../Engine/Plugins/Interchange/Assets/Content/gltf/MaterialInstances/MI_ClearCoat_Blend_DS.uexp" 484
"../../../Engine/Plugins/Interchange/Assets/Content/gltf/MaterialInstances/MI_ClearCoat_Mask.uasset" 485
"../../../Engine/Plugins/Interchange/Assets/Content/gltf/MaterialInstances/MI_ClearCoat_Mask.uexp" 486
"../../../Engine/Plugins/Interchange/Assets/Content/gltf/MaterialInstances/MI_ClearCoat_Mask_DS.uasset" 487
"../../../Engine/Plugins/Interchange/Assets/Content/gltf/MaterialInstances/MI_ClearCoat_Mask_DS.uexp" 488
"../../../Engine/Plugins/Interchange/Assets/Content/gltf/MaterialInstances/MI_ClearCoat_Opaque.uasset" 489
"../../../Engine/Plugins/Interchange/Assets/Content/gltf/MaterialInstances/MI_ClearCoat_Opaque.uexp" 490
"../../../Engine/Plugins/Interchange/Assets/Content/gltf/MaterialInstances/MI_ClearCoat_Opaque_DS.uasset" 491
"../../../Engine/Plugins/Interchange/Assets/Content/gltf/MaterialInstances/MI_ClearCoat_Opaque_DS.uexp" 492
"../../../Engine/Plugins/Interchange/Assets/Content/gltf/MaterialBodies/MF_Default_Body.uasset" 493
"../../../Engine/Plugins/Interchange/Assets/Content/gltf/MaterialBodies/MF_Default_Body.uexp" 494
"../../../Engine/Plugins/Interchange/Assets/Content/gltf/M_Default.uasset" 495
"../../../Engine/Plugins/Interchange/Assets/Content/gltf/M_Default.uexp" 496
"../../../Engine/Plugins/Interchange/Assets/Content/gltf/MaterialInstances/MI_Default_Blend.uasset" 497
"../../../Engine/Plugins/Interchange/Assets/Content/gltf/MaterialInstances/MI_Default_Blend.uexp" 498
"../../../Engine/Plugins/Interchange/Assets/Content/gltf/MaterialInstances/MI_Default_Blend_DS.uasset" 499
"../../../Engine/Plugins/Interchange/Assets/Content/gltf/MaterialInstances/MI_Default_Blend_DS.uexp" 500
"../../../Engine/Plugins/Interchange/Assets/Content/gltf/MaterialInstances/MI_Default_Mask.uasset" 501
"../../../Engine/Plugins/Interchange/Assets/Content/gltf/MaterialInstances/MI_Default_Mask.uexp" 502
"../../../Engine/Plugins/Interchange/Assets/Content/gltf/MaterialInstances/MI_Default_Mask_DS.uasset" 503
"../../../Engine/Plugins/Interchange/Assets/Content/gltf/MaterialInstances/MI_Default_Mask_DS.uexp" 504
"../../../Engine/Plugins/Interchange/Assets/Content/gltf/MaterialInstances/MI_Default_Opaque.uasset" 505
"../../../Engine/Plugins/Interchange/Assets/Content/gltf/MaterialInstances/MI_Default_Opaque.uexp" 506
"../../../Engine/Plugins/Interchange/Assets/Content/gltf/MaterialFunctions/MF_Sheen.uasset" 507
"../../../Engine/Plugins/Interchange/Assets/Content/gltf/MaterialFunctions/MF_Sheen.uexp" 508
"../../../Engine/Plugins/Interchange/Assets/Content/gltf/MaterialBodies/MF_Sheen_Body.uasset" 509
"../../../Engine/Plugins/Interchange/Assets/Content/gltf/MaterialBodies/MF_Sheen_Body.uexp" 510
"../../../Engine/Plugins/Interchange/Assets/Content/gltf/M_Sheen.uasset" 511
"../../../Engine/Plugins/Interchange/Assets/Content/gltf/M_Sheen.uexp" 512
"../../../Engine/Plugins/Interchange/Assets/Content/gltf/MaterialInstances/MI_Sheen_Blend.uasset" 513
"../../../Engine/Plugins/Interchange/Assets/Content/gltf/MaterialInstances/MI_Sheen_Blend.uexp" 514
"../../../Engine/Plugins/Interchange/Assets/Content/gltf/MaterialInstances/MI_Sheen_Blend_DS.uasset" 515
"../../../Engine/Plugins/Interchange/Assets/Content/gltf/MaterialInstances/MI_Sheen_Blend_DS.uexp" 516
"../../../Engine/Plugins/Interchange/Assets/Content/gltf/MaterialInstances/MI_Sheen_Mask.uasset" 517
"../../../Engine/Plugins/Interchange/Assets/Content/gltf/MaterialInstances/MI_Sheen_Mask.uexp" 518
"../../../Engine/Plugins/Interchange/Assets/Content/gltf/MaterialInstances/MI_Sheen_Mask_DS.uasset" 519
"../../../Engine/Plugins/Interchange/Assets/Content/gltf/MaterialInstances/MI_Sheen_Mask_DS.uexp" 520
"../../../Engine/Plugins/Interchange/Assets/Content/gltf/MaterialInstances/MI_Sheen_Opaque.uasset" 521
"../../../Engine/Plugins/Interchange/Assets/Content/gltf/MaterialInstances/MI_Sheen_Opaque.uexp" 522
"../../../Engine/Plugins/Interchange/Assets/Content/gltf/MaterialInstances/MI_Sheen_Opaque_DS.uasset" 523
"../../../Engine/Plugins/Interchange/Assets/Content/gltf/MaterialInstances/MI_Sheen_Opaque_DS.uexp" 524
"../../../Engine/Content/Functions/Engine_MaterialFunctions02/Math/AddComponents.uasset" 525
"../../../Engine/Content/Functions/Engine_MaterialFunctions02/Math/AddComponents.uexp" 526
"../../../Engine/Plugins/Interchange/Assets/Content/gltf/MaterialFunctions/MF_DiffuseSpecGloss.uasset" 527
"../../../Engine/Plugins/Interchange/Assets/Content/gltf/MaterialFunctions/MF_DiffuseSpecGloss.uexp" 528
"../../../Engine/Plugins/Interchange/Assets/Content/gltf/MaterialFunctions/MF_PerceivedBrightness.uasset" 529
"../../../Engine/Plugins/Interchange/Assets/Content/gltf/MaterialFunctions/MF_PerceivedBrightness.uexp" 530
"../../../Engine/Plugins/Interchange/Assets/Content/gltf/MaterialFunctions/MF_SpecGlossToMetalRoughness.uasset" 531
"../../../Engine/Plugins/Interchange/Assets/Content/gltf/MaterialFunctions/MF_SpecGlossToMetalRoughness.uexp" 532
"../../../Engine/Plugins/Interchange/Assets/Content/gltf/MaterialFunctions/MF_MaxComponentValue.uasset" 533
"../../../Engine/Plugins/Interchange/Assets/Content/gltf/MaterialFunctions/MF_MaxComponentValue.uexp" 534
"../../../Engine/Plugins/Interchange/Assets/Content/gltf/MaterialBodies/MF_SpecularGlossiness_Body.uasset" 535
"../../../Engine/Plugins/Interchange/Assets/Content/gltf/MaterialBodies/MF_SpecularGlossiness_Body.uexp" 536
"../../../Engine/Plugins/Interchange/Assets/Content/gltf/M_SpecularGlossiness.uasset" 537
"../../../Engine/Plugins/Interchange/Assets/Content/gltf/M_SpecularGlossiness.uexp" 538
"../../../Engine/Plugins/Interchange/Assets/Content/gltf/MaterialInstances/MI_SpecularGlossiness_Blend.uasset" 539
"../../../Engine/Plugins/Interchange/Assets/Content/gltf/MaterialInstances/MI_SpecularGlossiness_Blend.uexp" 540
"../../../Engine/Plugins/Interchange/Assets/Content/gltf/MaterialInstances/MI_SpecularGlossiness_Blend_DS.uasset" 541
"../../../Engine/Plugins/Interchange/Assets/Content/gltf/MaterialInstances/MI_SpecularGlossiness_Blend_DS.uexp" 542
"../../../Engine/Plugins/Interchange/Assets/Content/gltf/MaterialInstances/MI_SpecularGlossiness_Mask.uasset" 543
"../../../Engine/Plugins/Interchange/Assets/Content/gltf/MaterialInstances/MI_SpecularGlossiness_Mask.uexp" 544
"../../../Engine/Plugins/Interchange/Assets/Content/gltf/MaterialInstances/MI_SpecularGlossiness_Mask_DS.uasset" 545
"../../../Engine/Plugins/Interchange/Assets/Content/gltf/MaterialInstances/MI_SpecularGlossiness_Mask_DS.uexp" 546
"../../../Engine/Plugins/Interchange/Assets/Content/gltf/MaterialInstances/MI_SpecularGlossiness_Opaque.uasset" 547
"../../../Engine/Plugins/Interchange/Assets/Content/gltf/MaterialInstances/MI_SpecularGlossiness_Opaque.uexp" 548
"../../../Engine/Plugins/Interchange/Assets/Content/gltf/MaterialInstances/MI_SpecularGlossiness_Opaque_DS.uasset" 549
"../../../Engine/Plugins/Interchange/Assets/Content/gltf/MaterialInstances/MI_SpecularGlossiness_Opaque_DS.uexp" 550
"../../../Engine/Content/Functions/Engine_MaterialFunctions02/Utility/CameraDirectionVector.uasset" 551
"../../../Engine/Content/Functions/Engine_MaterialFunctions02/Utility/CameraDirectionVector.uexp" 552
"../../../Engine/Content/EngineMaterials/Good64x64TilingNoiseHighFreq.uasset" 553
"../../../Engine/Content/EngineMaterials/Good64x64TilingNoiseHighFreq.uexp" 554
"../../../Engine/Content/Functions/Engine_MaterialFunctions02/Texturing/ScreenAlignedPixelToPixelUVs.uasset" 555
"../../../Engine/Content/Functions/Engine_MaterialFunctions02/Texturing/ScreenAlignedPixelToPixelUVs.uexp" 556
"../../../Engine/Plugins/Interchange/Assets/Content/gltf/MaterialFunctions/MF_Temporal_Blur.uasset" 557
"../../../Engine/Plugins/Interchange/Assets/Content/gltf/MaterialFunctions/MF_Temporal_Blur.uexp" 558
"../../../Engine/Plugins/Interchange/Assets/Content/gltf/MaterialFunctions/MF_Fresnel_DS.uasset" 559
"../../../Engine/Plugins/Interchange/Assets/Content/gltf/MaterialFunctions/MF_Fresnel_DS.uexp" 560
"../../../Engine/Plugins/Interchange/Assets/Content/gltf/MaterialFunctions/MF_Transmission.uasset" 561
"../../../Engine/Plugins/Interchange/Assets/Content/gltf/MaterialFunctions/MF_Transmission.uexp" 562
"../../../Engine/Plugins/Interchange/Assets/Content/gltf/MaterialBodies/MF_Transmission_Body.uasset" 563
"../../../Engine/Plugins/Interchange/Assets/Content/gltf/MaterialBodies/MF_Transmission_Body.uexp" 564
"../../../Engine/Plugins/Interchange/Assets/Content/gltf/M_Transmission.uasset" 565
"../../../Engine/Plugins/Interchange/Assets/Content/gltf/M_Transmission.uexp" 566
"../../../Engine/Plugins/Interchange/Assets/Content/gltf/MaterialInstances/MI_Transmission.uasset" 567
"../../../Engine/Plugins/Interchange/Assets/Content/gltf/MaterialInstances/MI_Transmission.uexp" 568
"../../../Engine/Plugins/Interchange/Assets/Content/gltf/MaterialInstances/MI_Transmission_DS.uasset" 569
"../../../Engine/Plugins/Interchange/Assets/Content/gltf/MaterialInstances/MI_Transmission_DS.uexp" 570
"../../../Engine/Plugins/Interchange/Assets/Content/gltf/MaterialBodies/MF_Unlit_Body.uasset" 571
"../../../Engine/Plugins/Interchange/Assets/Content/gltf/MaterialBodies/MF_Unlit_Body.uexp" 572
"../../../Engine/Plugins/Interchange/Assets/Content/gltf/M_Unlit.uasset" 573
"../../../Engine/Plugins/Interchange/Assets/Content/gltf/M_Unlit.uexp" 574
"../../../Engine/Plugins/Interchange/Assets/Content/gltf/MaterialInstances/MI_Unlit_Blend.uasset" 575
"../../../Engine/Plugins/Interchange/Assets/Content/gltf/MaterialInstances/MI_Unlit_Blend.uexp" 576
"../../../Engine/Plugins/Interchange/Assets/Content/gltf/MaterialInstances/MI_Unlit_Blend_DS.uasset" 577
"../../../Engine/Plugins/Interchange/Assets/Content/gltf/MaterialInstances/MI_Unlit_Blend_DS.uexp" 578
"../../../Engine/Plugins/Interchange/Assets/Content/gltf/MaterialInstances/MI_Unlit_Mask.uasset" 579
"../../../Engine/Plugins/Interchange/Assets/Content/gltf/MaterialInstances/MI_Unlit_Mask.uexp" 580
"../../../Engine/Plugins/Interchange/Assets/Content/gltf/MaterialInstances/MI_Unlit_Mask_DS.uasset" 581
"../../../Engine/Plugins/Interchange/Assets/Content/gltf/MaterialInstances/MI_Unlit_Mask_DS.uexp" 582
"../../../Engine/Plugins/Interchange/Assets/Content/gltf/MaterialInstances/MI_Unlit_Opaque.uasset" 583
"../../../Engine/Plugins/Interchange/Assets/Content/gltf/MaterialInstances/MI_Unlit_Opaque.uexp" 584
"../../../Engine/Plugins/Interchange/Assets/Content/gltf/MaterialInstances/MI_Unlit_Opaque_DS.uasset" 585
"../../../Engine/Plugins/Interchange/Assets/Content/gltf/MaterialInstances/MI_Unlit_Opaque_DS.uexp" 586
"../../../Engine/Content/EditorMaterials/Dataflow/DataflowTwoSidedVertexMaterial.uasset" 587
"../../../Engine/Content/EditorMaterials/Dataflow/DataflowTwoSidedVertexMaterial.uexp" 588
"../../../Engine/Content/EditorMaterials/Dataflow/DataflowVertexMaterial.uasset" 589
"../../../Engine/Content/EditorMaterials/Dataflow/DataflowVertexMaterial.uexp" 590
"../../../Engine/Content/EditorMaterials/Camera/CineMat.uasset" 591
"../../../Engine/Content/EditorMaterials/Camera/CineMat.uexp" 592
"../../../Engine/Content/EditorMaterials/Camera/MI_CineMat_Rig.uasset" 593
"../../../Engine/Content/EditorMaterials/Camera/MI_CineMat_Rig.uexp" 594
"../../../Engine/Content/EditorMeshes/Camera/SM_CraneRig_Arm.ubulk" 595
"../../../Engine/Content/EditorMeshes/Camera/SM_CraneRig_Arm.uasset" 596
"../../../Engine/Content/EditorMeshes/Camera/SM_CraneRig_Arm.uexp" 597
"../../../Engine/Content/EditorMeshes/Camera/SM_CraneRig_Base.ubulk" 598
"../../../Engine/Content/EditorMeshes/Camera/SM_CraneRig_Base.uasset" 599
"../../../Engine/Content/EditorMeshes/Camera/SM_CraneRig_Base.uexp" 600
"../../../Engine/Content/EditorMeshes/Camera/SM_CraneRig_Body.ubulk" 601
"../../../Engine/Content/EditorMeshes/Camera/SM_CraneRig_Body.uasset" 602
"../../../Engine/Content/EditorMeshes/Camera/SM_CraneRig_Body.uexp" 603
"../../../Engine/Content/EditorMeshes/Camera/SM_CraneRig_Mount.ubulk" 604
"../../../Engine/Content/EditorMeshes/Camera/SM_CraneRig_Mount.uasset" 605
"../../../Engine/Content/EditorMeshes/Camera/SM_CraneRig_Mount.uexp" 606
"../../../Engine/Content/EditorMeshes/Camera/SM_RailRig_Mount.ubulk" 607
"../../../Engine/Content/EditorMeshes/Camera/SM_RailRig_Mount.uasset" 608
"../../../Engine/Content/EditorMeshes/Camera/SM_RailRig_Mount.uexp" 609
"../../../Engine/Content/EditorMeshes/Camera/SM_RailRig_Track.ubulk" 610
"../../../Engine/Content/EditorMeshes/Camera/SM_RailRig_Track.uasset" 611
"../../../Engine/Content/EditorMeshes/Camera/SM_RailRig_Track.uexp" 612
"../../../Engine/Content/EngineSky/VolumetricClouds/T_CloudMask.ubulk" 613
"../../../Engine/Content/EngineSky/VolumetricClouds/T_CloudMask.uasset" 614
"../../../Engine/Content/EngineSky/VolumetricClouds/T_CloudMask.uexp" 615
"../../../Engine/Content/EngineSky/VolumetricClouds/VT_Lightning.uasset" 616
"../../../Engine/Content/EngineSky/VolumetricClouds/VT_Lightning.uexp" 617
"../../../Engine/Content/EngineSky/VolumetricClouds/T_Profile_08.ubulk" 618
"../../../Engine/Content/EngineSky/VolumetricClouds/T_Profile_08.uasset" 619
"../../../Engine/Content/EngineSky/VolumetricClouds/T_Profile_08.uexp" 620
"../../../Engine/Content/Functions/Engine_MaterialFunctions02/Utility/MakeFloat4.uasset" 621
"../../../Engine/Content/Functions/Engine_MaterialFunctions02/Utility/MakeFloat4.uexp" 622
"../../../Engine/Content/Functions/Engine_MaterialFunctions01/Units/Km-to-Cm.uasset" 623
"../../../Engine/Content/Functions/Engine_MaterialFunctions01/Units/Km-to-Cm.uexp" 624
"../../../Engine/Content/Functions/Engine_MaterialFunctions02/Utility/BreakOutFloat4Components.uasset" 625
"../../../Engine/Content/Functions/Engine_MaterialFunctions02/Utility/BreakOutFloat4Components.uexp" 626
"../../../Engine/Content/EngineSky/VolumetricClouds/T_CloudPattern.ubulk" 627
"../../../Engine/Content/EngineSky/VolumetricClouds/T_CloudPattern.uasset" 628
"../../../Engine/Content/EngineSky/VolumetricClouds/T_CloudPattern.uexp" 629
"../../../Engine/Content/EngineSky/VolumetricClouds/VT_PerlinWorley_Balanced.uasset" 630
"../../../Engine/Content/EngineSky/VolumetricClouds/VT_PerlinWorley_Balanced.uexp" 631
"../../../Engine/Content/EngineSky/VolumetricClouds/m_SimpleVolumetricCloud.uasset" 632
"../../../Engine/Content/EngineSky/VolumetricClouds/m_SimpleVolumetricCloud.uexp" 633
"../../../Engine/Content/EngineSky/VolumetricClouds/m_SimpleVolumetricCloud_Inst.uasset" 634
"../../../Engine/Content/EngineSky/VolumetricClouds/m_SimpleVolumetricCloud_Inst.uexp" 635
"../../../Engine/Content/VREditor/LaserPointer/VR_LaserPower_01.ubulk" 636
"../../../Engine/Content/VREditor/LaserPointer/VR_LaserPower_01.uasset" 637
"../../../Engine/Content/VREditor/LaserPointer/VR_LaserPower_01.uexp" 638
"../../../Engine/Content/VREditor/TransformGizmo/TransformGizmoMaterial.uasset" 639
"../../../Engine/Content/VREditor/TransformGizmo/TransformGizmoMaterial.uexp" 640
"../../../Engine/Content/VREditor/TransformGizmo/TranslucentTransformGizmoMaterial.uasset" 641
"../../../Engine/Content/VREditor/TransformGizmo/TranslucentTransformGizmoMaterial.uexp" 642
"../../../Engine/Content/VREditor/TransformGizmo/BoundingBoxCorner.ubulk" 643
"../../../Engine/Content/VREditor/TransformGizmo/BoundingBoxCorner.uasset" 644
"../../../Engine/Content/VREditor/TransformGizmo/BoundingBoxCorner.uexp" 645
"../../../Engine/Content/VREditor/TransformGizmo/BoundingBoxEdge.ubulk" 646
"../../../Engine/Content/VREditor/TransformGizmo/BoundingBoxEdge.uasset" 647
"../../../Engine/Content/VREditor/TransformGizmo/BoundingBoxEdge.uexp" 648
"../../../Engine/Content/VREditor/TransformGizmo/Main.uasset" 649
"../../../Engine/Content/VREditor/TransformGizmo/Main.uexp" 650
"../../../Engine/Content/VREditor/TransformGizmo/Xray.uasset" 651
"../../../Engine/Content/VREditor/TransformGizmo/Xray.uexp" 652
"../../../Engine/Content/VREditor/TransformGizmo/SM_Sequencer_Node.ubulk" 653
"../../../Engine/Content/VREditor/TransformGizmo/SM_Sequencer_Node.uasset" 654
"../../../Engine/Content/VREditor/TransformGizmo/SM_Sequencer_Node.uexp" 655
"../../../Engine/Content/EngineMaterials/DefaultMaterial.uasset" 656
"../../../Engine/Content/EngineMaterials/DefaultMaterial.uexp" 657
"../../../Engine/Content/BasicShapes/Cone.ubulk" 658
"../../../Engine/Content/BasicShapes/Cone.uasset" 659
"../../../Engine/Content/BasicShapes/Cone.uexp" 660
"../../../Engine/Content/BasicShapes/Cube.ubulk" 661
"../../../Engine/Content/BasicShapes/Cube.uasset" 662
"../../../Engine/Content/BasicShapes/Cube.uexp" 663
"../../../Engine/Content/BasicShapes/Cylinder.ubulk" 664
"../../../Engine/Content/BasicShapes/Cylinder.uasset" 665
"../../../Engine/Content/BasicShapes/Cylinder.uexp" 666
"../../../Engine/Content/BasicShapes/Plane.ubulk" 667
"../../../Engine/Content/BasicShapes/Plane.uasset" 668
"../../../Engine/Content/BasicShapes/Plane.uexp" 669
"../../../Engine/Content/EditorLandscapeResources/SplineEditorMeshMat.uasset" 670
"../../../Engine/Content/EditorLandscapeResources/SplineEditorMeshMat.uexp" 671
"../../../Engine/Content/EditorLandscapeResources/SplineEditorMesh.ubulk" 672
"../../../Engine/Content/EditorLandscapeResources/SplineEditorMesh.uasset" 673
"../../../Engine/Content/EditorLandscapeResources/SplineEditorMesh.uexp" 674
"../../../Engine/Content/EditorMaterials/PhAT_NoCollisionMaterial.uasset" 675
"../../../Engine/Content/EditorMaterials/PhAT_NoCollisionMaterial.uexp" 676
"../../../Engine/Content/EditorMaterials/PhAT_UnselectedMaterial.uasset" 677
"../../../Engine/Content/EditorMaterials/PhAT_UnselectedMaterial.uexp" 678
"../../../Engine/Content/EditorMaterials/PreviewShadowIndicator.ubulk" 679
"../../../Engine/Content/EditorMaterials/PreviewShadowIndicator.uasset" 680
"../../../Engine/Content/EditorMaterials/PreviewShadowIndicator.uexp" 681
"../../../Engine/Content/EditorMaterials/PreviewShadowIndicatorMaterial.uasset" 682
"../../../Engine/Content/EditorMaterials/PreviewShadowIndicatorMaterial.uexp" 683
"../../../Engine/Content/EngineDebugMaterials/DebugEditorMaterial.uasset" 684
"../../../Engine/Content/EngineDebugMaterials/DebugEditorMaterial.uexp" 685
"../../../Engine/Content/EngineDebugMaterials/DebugMeshMaterial.uasset" 686
"../../../Engine/Content/EngineDebugMaterials/DebugMeshMaterial.uexp" 687
"../../../Engine/Content/EngineDebugMaterials/M_SimpleUnlitTranslucent.uasset" 688
"../../../Engine/Content/EngineDebugMaterials/M_SimpleUnlitTranslucent.uexp" 689
"../../../Engine/Content/EngineDebugMaterials/VolumeToRender.uasset" 690
"../../../Engine/Content/EngineDebugMaterials/VolumeToRender.uexp" 691
"../../../Engine/Content/EngineDebugMaterials/M_VolumeRenderSphereTracePP.uasset" 692
"../../../Engine/Content/EngineDebugMaterials/M_VolumeRenderSphereTracePP.uexp" 693
"../../../Engine/Content/EngineMaterials/DefaultDiffuse.ubulk" 694
"../../../Engine/Content/EngineMaterials/DefaultDiffuse.uasset" 695
"../../../Engine/Content/EngineMaterials/DefaultDiffuse.uexp" 696
"../../../Engine/Content/EngineMaterials/DefaultDeferredDecalMaterial.uasset" 697
"../../../Engine/Content/EngineMaterials/DefaultDeferredDecalMaterial.uexp" 698
"../../../Engine/Content/EngineMaterials/DefaultLightFunctionMaterial.uasset" 699
"../../../Engine/Content/EngineMaterials/DefaultLightFunctionMaterial.uexp" 700
"../../../Engine/Content/EngineMaterials/DefaultPostProcessMaterial.uasset" 701
"../../../Engine/Content/EngineMaterials/DefaultPostProcessMaterial.uexp" 702
"../../../Engine/Content/EngineFonts/RobotoDistanceField.uasset" 703
"../../../Engine/Content/EngineFonts/RobotoDistanceField.uexp" 704
"../../../Engine/Content/EngineMaterials/DefaultTextMaterialOpaque.uasset" 705
"../../../Engine/Content/EngineMaterials/DefaultTextMaterialOpaque.uexp" 706
"../../../Engine/Content/EngineMaterials/DefaultWhiteGrid_Low.uasset" 707
"../../../Engine/Content/EngineMaterials/DefaultWhiteGrid_Low.uexp" 708
"../../../Engine/Content/EngineMaterials/EmissiveMeshMaterial.uasset" 709
"../../../Engine/Content/EngineMaterials/EmissiveMeshMaterial.uexp" 710
"../../../Engine/Content/EngineMaterials/BaseFlattenNormalMap.uasset" 711
"../../../Engine/Content/EngineMaterials/BaseFlattenNormalMap.uexp" 712
"../../../Engine/Content/EngineMaterials/BaseFlattenGrayscaleMap.uasset" 713
"../../../Engine/Content/EngineMaterials/BaseFlattenGrayscaleMap.uexp" 714
"../../../Engine/Content/EngineMaterials/BaseFlattenDiffuseMap.uasset" 715
"../../../Engine/Content/EngineMaterials/BaseFlattenDiffuseMap.uexp" 716
"../../../Engine/Content/Functions/Engine_MaterialFunctions02/PivotPainter2/Black_1x1_EXR_Texture.uasset" 717
"../../../Engine/Content/Functions/Engine_MaterialFunctions02/PivotPainter2/Black_1x1_EXR_Texture.uexp" 718
"../../../Engine/Content/EngineMaterials/BaseFlattenEmissiveMap.uasset" 719
"../../../Engine/Content/EngineMaterials/BaseFlattenEmissiveMap.uexp" 720
"../../../Engine/Content/EngineMaterials/BaseFlattenLinearColor.uasset" 721
"../../../Engine/Content/EngineMaterials/BaseFlattenLinearColor.uexp" 722
"../../../Engine/Content/EngineMaterials/FlattenMaterial.uasset" 723
"../../../Engine/Content/EngineMaterials/FlattenMaterial.uexp" 724
"../../../Engine/Content/EngineMaterials/BaseFlattenEmissiveMap_VT.uasset" 725
"../../../Engine/Content/EngineMaterials/BaseFlattenEmissiveMap_VT.uexp" 726
"../../../Engine/Content/EngineMaterials/BaseFlattenGrayscaleMap_VT.uasset" 727
"../../../Engine/Content/EngineMaterials/BaseFlattenGrayscaleMap_VT.uexp" 728
"../../../Engine/Content/EngineMaterials/BaseFlattenLinearColor_VT.uasset" 729
"../../../Engine/Content/EngineMaterials/BaseFlattenLinearColor_VT.uexp" 730
"../../../Engine/Content/EngineMaterials/Black_1x1_EXR_Texture_VT.uasset" 731
"../../../Engine/Content/EngineMaterials/Black_1x1_EXR_Texture_VT.uexp" 732
"../../../Engine/Content/EngineMaterials/BaseFlattenDiffuseMap_VT.uasset" 733
"../../../Engine/Content/EngineMaterials/BaseFlattenDiffuseMap_VT.uexp" 734
"../../../Engine/Content/EngineMaterials/BaseFlattenNormalMap_VT.uasset" 735
"../../../Engine/Content/EngineMaterials/BaseFlattenNormalMap_VT.uexp" 736
"../../../Engine/Content/EngineMaterials/FlattenMaterial_VT.uasset" 737
"../../../Engine/Content/EngineMaterials/FlattenMaterial_VT.uexp" 738
"../../../Engine/Content/EngineMaterials/FlattenMaterial_WS_Normal_VT.uasset" 739
"../../../Engine/Content/EngineMaterials/FlattenMaterial_WS_Normal_VT.uexp" 740
"../../../Engine/Content/EngineMaterials/GizmoMaterial.uasset" 741
"../../../Engine/Content/EngineMaterials/GizmoMaterial.uexp" 742
"../../../Engine/Content/EngineMaterials/InvalidLightmapSettings.ubulk" 743
"../../../Engine/Content/EngineMaterials/InvalidLightmapSettings.uasset" 744
"../../../Engine/Content/EngineMaterials/InvalidLightmapSettings.uexp" 745
"../../../Engine/Content/EngineMaterials/M_InvalidLightmapSettings.uasset" 746
"../../../Engine/Content/EngineMaterials/M_InvalidLightmapSettings.uexp" 747
"../../../Engine/Content/EngineMaterials/NaniteHiddenSectionMaterial.uasset" 748
"../../../Engine/Content/EngineMaterials/NaniteHiddenSectionMaterial.uexp" 749
"../../../Engine/Content/Functions/Engine_MaterialFunctions02/WorldPositionOffset/CameraOffset.uasset" 750
"../../../Engine/Content/Functions/Engine_MaterialFunctions02/WorldPositionOffset/CameraOffset.uexp" 751
"../../../Engine/Content/EngineMaterials/PhAT_JointLimitMaterial.uasset" 752
"../../../Engine/Content/EngineMaterials/PhAT_JointLimitMaterial.uexp" 753
"../../../Engine/Content/EngineMaterials/DefaultCalibrationColor.uasset" 754
"../../../Engine/Content/EngineMaterials/DefaultCalibrationColor.uexp" 755
"../../../Engine/Content/EngineMaterials/PPM_DefaultCalibrationColor.uasset" 756
"../../../Engine/Content/EngineMaterials/PPM_DefaultCalibrationColor.uexp" 757
"../../../Engine/Content/EngineMaterials/DefaultCalibrationGrayscale.uasset" 758
"../../../Engine/Content/EngineMaterials/DefaultCalibrationGrayscale.uexp" 759
"../../../Engine/Content/EngineMaterials/PPM_DefaultCalibrationGrayscale.uasset" 760
"../../../Engine/Content/EngineMaterials/PPM_DefaultCalibrationGrayscale.uexp" 761
"../../../Engine/Content/EngineMaterials/RemoveSurfaceMaterial.uasset" 762
"../../../Engine/Content/EngineMaterials/RemoveSurfaceMaterial.uexp" 763
"../../../Engine/Content/EngineMaterials/WeightMapPlaceholderTexture.uasset" 764
"../../../Engine/Content/EngineMaterials/WeightMapPlaceholderTexture.uexp" 765
"../../../Engine/Content/EngineMaterials/WeightMapArrayPlaceholderTexture.uasset" 766
"../../../Engine/Content/EngineMaterials/WeightMapArrayPlaceholderTexture.uexp" 767
"../../../Engine/Content/EngineResources/WhiteSquareTexture.uasset" 768
"../../../Engine/Content/EngineResources/WhiteSquareTexture.uexp" 769
"../../../Engine/Content/EngineMaterials/Widget3DPassThrough.uasset" 770
"../../../Engine/Content/EngineMaterials/Widget3DPassThrough.uexp" 771
"../../../Engine/Content/EngineMaterials/Widget3DPassThrough_Masked.uasset" 772
"../../../Engine/Content/EngineMaterials/Widget3DPassThrough_Masked.uexp" 773
"../../../Engine/Content/EngineMaterials/Widget3DPassThrough_Opaque.uasset" 774
"../../../Engine/Content/EngineMaterials/Widget3DPassThrough_Opaque.uexp" 775
"../../../Engine/Content/EngineMaterials/Widget3DPassThrough_Masked_OneSided.uasset" 776
"../../../Engine/Content/EngineMaterials/Widget3DPassThrough_Masked_OneSided.uexp" 777
"../../../Engine/Content/EngineMaterials/Widget3DPassThrough_Opaque_OneSided.uasset" 778
"../../../Engine/Content/EngineMaterials/Widget3DPassThrough_Opaque_OneSided.uexp" 779
"../../../Engine/Content/EngineMaterials/Widget3DPassThrough_Translucent.uasset" 780
"../../../Engine/Content/EngineMaterials/Widget3DPassThrough_Translucent.uexp" 781
"../../../Engine/Content/EngineMaterials/Widget3DPassThrough_Translucent_OneSided.uasset" 782
"../../../Engine/Content/EngineMaterials/Widget3DPassThrough_Translucent_OneSided.uexp" 783
"../../../Engine/Plugins/2D/Paper2D/Content/DefaultSpriteMaterial.uasset" 784
"../../../Engine/Plugins/2D/Paper2D/Content/DefaultSpriteMaterial.uexp" 785
"../../../Engine/Plugins/2D/Paper2D/Content/MaskedUnlitSpriteMaterial.uasset" 786
"../../../Engine/Plugins/2D/Paper2D/Content/MaskedUnlitSpriteMaterial.uexp" 787
"../../../Engine/Plugins/2D/Paper2D/Content/OpaqueUnlitSpriteMaterial.uasset" 788
"../../../Engine/Plugins/2D/Paper2D/Content/OpaqueUnlitSpriteMaterial.uexp" 789
"../../../Engine/Plugins/Animation/ControlRig/Content/Controls/ControlRigGizmoMaterial.uasset" 790
"../../../Engine/Plugins/Animation/ControlRig/Content/Controls/ControlRigGizmoMaterial.uexp" 791
"../../../Engine/Plugins/Animation/ControlRig/Content/Controls/ControlRigXRayMaterial.uasset" 792
"../../../Engine/Plugins/Animation/ControlRig/Content/Controls/ControlRigXRayMaterial.uexp" 793
"../../../Engine/Plugins/Animation/ControlRig/Content/Controls/ControlRig_Arrow2_1mm.ubulk" 794
"../../../Engine/Plugins/Animation/ControlRig/Content/Controls/ControlRig_Arrow2_1mm.uasset" 795
"../../../Engine/Plugins/Animation/ControlRig/Content/Controls/ControlRig_Arrow2_1mm.uexp" 796
"../../../Engine/Plugins/Animation/ControlRig/Content/Controls/ControlRig_Arrow2_3mm.ubulk" 797
"../../../Engine/Plugins/Animation/ControlRig/Content/Controls/ControlRig_Arrow2_3mm.uasset" 798
"../../../Engine/Plugins/Animation/ControlRig/Content/Controls/ControlRig_Arrow2_3mm.uexp" 799
"../../../Engine/Plugins/Animation/ControlRig/Content/Controls/ControlRig_Arrow2_solid.ubulk" 800
"../../../Engine/Plugins/Animation/ControlRig/Content/Controls/ControlRig_Arrow2_solid.uasset" 801
"../../../Engine/Plugins/Animation/ControlRig/Content/Controls/ControlRig_Arrow2_solid.uexp" 802
"../../../Engine/Plugins/Animation/ControlRig/Content/Controls/ControlRig_Arrow4_1mm.ubulk" 803
"../../../Engine/Plugins/Animation/ControlRig/Content/Controls/ControlRig_Arrow4_1mm.uasset" 804
"../../../Engine/Plugins/Animation/ControlRig/Content/Controls/ControlRig_Arrow4_1mm.uexp" 805
"../../../Engine/Plugins/Animation/ControlRig/Content/Controls/ControlRig_Arrow4_3mm.ubulk" 806
"../../../Engine/Plugins/Animation/ControlRig/Content/Controls/ControlRig_Arrow4_3mm.uasset" 807
"../../../Engine/Plugins/Animation/ControlRig/Content/Controls/ControlRig_Arrow4_3mm.uexp" 808
"../../../Engine/Plugins/Animation/ControlRig/Content/Controls/ControlRig_Arrow4_solid.ubulk" 809
"../../../Engine/Plugins/Animation/ControlRig/Content/Controls/ControlRig_Arrow4_solid.uasset" 810
"../../../Engine/Plugins/Animation/ControlRig/Content/Controls/ControlRig_Arrow4_solid.uexp" 811
"../../../Engine/Plugins/Animation/ControlRig/Content/Controls/ControlRig_Arrow_1mm.ubulk" 812
"../../../Engine/Plugins/Animation/ControlRig/Content/Controls/ControlRig_Arrow_1mm.uasset" 813
"../../../Engine/Plugins/Animation/ControlRig/Content/Controls/ControlRig_Arrow_1mm.uexp" 814
"../../../Engine/Plugins/Animation/ControlRig/Content/Controls/ControlRig_Arrow_3mm.ubulk" 815
"../../../Engine/Plugins/Animation/ControlRig/Content/Controls/ControlRig_Arrow_3mm.uasset" 816
"../../../Engine/Plugins/Animation/ControlRig/Content/Controls/ControlRig_Arrow_3mm.uexp" 817
"../../../Engine/Plugins/Animation/ControlRig/Content/Controls/ControlRig_Arrow_solid.ubulk" 818
"../../../Engine/Plugins/Animation/ControlRig/Content/Controls/ControlRig_Arrow_solid.uasset" 819
"../../../Engine/Plugins/Animation/ControlRig/Content/Controls/ControlRig_Arrow_solid.uexp" 820
"../../../Engine/Plugins/Animation/ControlRig/Content/Controls/ControlRig_Box_1mm.ubulk" 821
"../../../Engine/Plugins/Animation/ControlRig/Content/Controls/ControlRig_Box_1mm.uasset" 822
"../../../Engine/Plugins/Animation/ControlRig/Content/Controls/ControlRig_Box_1mm.uexp" 823
"../../../Engine/Plugins/Animation/ControlRig/Content/Controls/ControlRig_Box_3mm.ubulk" 824
"../../../Engine/Plugins/Animation/ControlRig/Content/Controls/ControlRig_Box_3mm.uasset" 825
"../../../Engine/Plugins/Animation/ControlRig/Content/Controls/ControlRig_Box_3mm.uexp" 826
"../../../Engine/Plugins/Animation/ControlRig/Content/Controls/ControlRig_Box_solid.ubulk" 827
"../../../Engine/Plugins/Animation/ControlRig/Content/Controls/ControlRig_Box_solid.uasset" 828
"../../../Engine/Plugins/Animation/ControlRig/Content/Controls/ControlRig_Box_solid.uexp" 829
"../../../Engine/Plugins/Animation/ControlRig/Content/Controls/ControlRig_Circle_1mm.ubulk" 830
"../../../Engine/Plugins/Animation/ControlRig/Content/Controls/ControlRig_Circle_1mm.uasset" 831
"../../../Engine/Plugins/Animation/ControlRig/Content/Controls/ControlRig_Circle_1mm.uexp" 832
"../../../Engine/Plugins/Animation/ControlRig/Content/Controls/ControlRig_Circle_3mm.ubulk" 833
"../../../Engine/Plugins/Animation/ControlRig/Content/Controls/ControlRig_Circle_3mm.uasset" 834
"../../../Engine/Plugins/Animation/ControlRig/Content/Controls/ControlRig_Circle_3mm.uexp" 835
"../../../Engine/Plugins/Animation/ControlRig/Content/Controls/ControlRig_Circle_solid.ubulk" 836
"../../../Engine/Plugins/Animation/ControlRig/Content/Controls/ControlRig_Circle_solid.uasset" 837
"../../../Engine/Plugins/Animation/ControlRig/Content/Controls/ControlRig_Circle_solid.uexp" 838
"../../../Engine/Plugins/Animation/ControlRig/Content/Controls/ControlRig_Diamond_1mm.ubulk" 839
"../../../Engine/Plugins/Animation/ControlRig/Content/Controls/ControlRig_Diamond_1mm.uasset" 840
"../../../Engine/Plugins/Animation/ControlRig/Content/Controls/ControlRig_Diamond_1mm.uexp" 841
"../../../Engine/Plugins/Animation/ControlRig/Content/Controls/ControlRig_Diamond_3mm.ubulk" 842
"../../../Engine/Plugins/Animation/ControlRig/Content/Controls/ControlRig_Diamond_3mm.uasset" 843
"../../../Engine/Plugins/Animation/ControlRig/Content/Controls/ControlRig_Diamond_3mm.uexp" 844
"../../../Engine/Plugins/Animation/ControlRig/Content/Controls/ControlRig_Diamond_solid.ubulk" 845
"../../../Engine/Plugins/Animation/ControlRig/Content/Controls/ControlRig_Diamond_solid.uasset" 846
"../../../Engine/Plugins/Animation/ControlRig/Content/Controls/ControlRig_Diamond_solid.uexp" 847
"../../../Engine/Plugins/Animation/ControlRig/Content/Controls/ControlRig_HalfCircle_1mm.ubulk" 848
"../../../Engine/Plugins/Animation/ControlRig/Content/Controls/ControlRig_HalfCircle_1mm.uasset" 849
"../../../Engine/Plugins/Animation/ControlRig/Content/Controls/ControlRig_HalfCircle_1mm.uexp" 850
"../../../Engine/Plugins/Animation/ControlRig/Content/Controls/ControlRig_HalfCircle_3mm.ubulk" 851
"../../../Engine/Plugins/Animation/ControlRig/Content/Controls/ControlRig_HalfCircle_3mm.uasset" 852
"../../../Engine/Plugins/Animation/ControlRig/Content/Controls/ControlRig_HalfCircle_3mm.uexp" 853
"../../../Engine/Plugins/Animation/ControlRig/Content/Controls/ControlRig_HalfCircle_solid.ubulk" 854
"../../../Engine/Plugins/Animation/ControlRig/Content/Controls/ControlRig_HalfCircle_solid.uasset" 855
"../../../Engine/Plugins/Animation/ControlRig/Content/Controls/ControlRig_HalfCircle_solid.uexp" 856
"../../../Engine/Plugins/Animation/ControlRig/Content/Controls/ControlRig_Hexagon_1mm.ubulk" 857
"../../../Engine/Plugins/Animation/ControlRig/Content/Controls/ControlRig_Hexagon_1mm.uasset" 858
"../../../Engine/Plugins/Animation/ControlRig/Content/Controls/ControlRig_Hexagon_1mm.uexp" 859
"../../../Engine/Plugins/Animation/ControlRig/Content/Controls/ControlRig_Hexagon_3mm.ubulk" 860
"../../../Engine/Plugins/Animation/ControlRig/Content/Controls/ControlRig_Hexagon_3mm.uasset" 861
"../../../Engine/Plugins/Animation/ControlRig/Content/Controls/ControlRig_Hexagon_3mm.uexp" 862
"../../../Engine/Plugins/Animation/ControlRig/Content/Controls/ControlRig_Hexagon_solid.ubulk" 863
"../../../Engine/Plugins/Animation/ControlRig/Content/Controls/ControlRig_Hexagon_solid.uasset" 864
"../../../Engine/Plugins/Animation/ControlRig/Content/Controls/ControlRig_Hexagon_solid.uexp" 865
"../../../Engine/Plugins/Animation/ControlRig/Content/Controls/ControlRig_Octagon_1mm.ubulk" 866
"../../../Engine/Plugins/Animation/ControlRig/Content/Controls/ControlRig_Octagon_1mm.uasset" 867
"../../../Engine/Plugins/Animation/ControlRig/Content/Controls/ControlRig_Octagon_1mm.uexp" 868
"../../../Engine/Plugins/Animation/ControlRig/Content/Controls/ControlRig_Octagon_3mm.ubulk" 869
"../../../Engine/Plugins/Animation/ControlRig/Content/Controls/ControlRig_Octagon_3mm.uasset" 870
"../../../Engine/Plugins/Animation/ControlRig/Content/Controls/ControlRig_Octagon_3mm.uexp" 871
"../../../Engine/Plugins/Animation/ControlRig/Content/Controls/ControlRig_Octagon_solid.ubulk" 872
"../../../Engine/Plugins/Animation/ControlRig/Content/Controls/ControlRig_Octagon_solid.uasset" 873
"../../../Engine/Plugins/Animation/ControlRig/Content/Controls/ControlRig_Octagon_solid.uexp" 874
"../../../Engine/Plugins/Animation/ControlRig/Content/Controls/ControlRig_Pyramid_1mm.ubulk" 875
"../../../Engine/Plugins/Animation/ControlRig/Content/Controls/ControlRig_Pyramid_1mm.uasset" 876
"../../../Engine/Plugins/Animation/ControlRig/Content/Controls/ControlRig_Pyramid_1mm.uexp" 877
"../../../Engine/Plugins/Animation/ControlRig/Content/Controls/ControlRig_Pyramid_3mm.ubulk" 878
"../../../Engine/Plugins/Animation/ControlRig/Content/Controls/ControlRig_Pyramid_3mm.uasset" 879
"../../../Engine/Plugins/Animation/ControlRig/Content/Controls/ControlRig_Pyramid_3mm.uexp" 880
"../../../Engine/Plugins/Animation/ControlRig/Content/Controls/ControlRig_Pyramid_solid.ubulk" 881
"../../../Engine/Plugins/Animation/ControlRig/Content/Controls/ControlRig_Pyramid_solid.uasset" 882
"../../../Engine/Plugins/Animation/ControlRig/Content/Controls/ControlRig_Pyramid_solid.uexp" 883
"../../../Engine/Plugins/Animation/ControlRig/Content/Controls/ControlRig_QuarterCircle_1mm.ubulk" 884
"../../../Engine/Plugins/Animation/ControlRig/Content/Controls/ControlRig_QuarterCircle_1mm.uasset" 885
"../../../Engine/Plugins/Animation/ControlRig/Content/Controls/ControlRig_QuarterCircle_1mm.uexp" 886
"../../../Engine/Plugins/Animation/ControlRig/Content/Controls/ControlRig_QuarterCircle_3mm.ubulk" 887
"../../../Engine/Plugins/Animation/ControlRig/Content/Controls/ControlRig_QuarterCircle_3mm.uasset" 888
"../../../Engine/Plugins/Animation/ControlRig/Content/Controls/ControlRig_QuarterCircle_3mm.uexp" 889
"../../../Engine/Plugins/Animation/ControlRig/Content/Controls/ControlRig_QuarterCircle_solid.ubulk" 890
"../../../Engine/Plugins/Animation/ControlRig/Content/Controls/ControlRig_QuarterCircle_solid.uasset" 891
"../../../Engine/Plugins/Animation/ControlRig/Content/Controls/ControlRig_QuarterCircle_solid.uexp" 892
"../../../Engine/Plugins/Animation/ControlRig/Content/Controls/ControlRig_RoundedSquare_1mm.ubulk" 893
"../../../Engine/Plugins/Animation/ControlRig/Content/Controls/ControlRig_RoundedSquare_1mm.uasset" 894
"../../../Engine/Plugins/Animation/ControlRig/Content/Controls/ControlRig_RoundedSquare_1mm.uexp" 895
"../../../Engine/Plugins/Animation/ControlRig/Content/Controls/ControlRig_RoundedSquare_3mm.ubulk" 896
"../../../Engine/Plugins/Animation/ControlRig/Content/Controls/ControlRig_RoundedSquare_3mm.uasset" 897
"../../../Engine/Plugins/Animation/ControlRig/Content/Controls/ControlRig_RoundedSquare_3mm.uexp" 898
"../../../Engine/Plugins/Animation/ControlRig/Content/Controls/ControlRig_RoundedSquare_solid.ubulk" 899
"../../../Engine/Plugins/Animation/ControlRig/Content/Controls/ControlRig_RoundedSquare_solid.uasset" 900
"../../../Engine/Plugins/Animation/ControlRig/Content/Controls/ControlRig_RoundedSquare_solid.uexp" 901
"../../../Engine/Plugins/Animation/ControlRig/Content/Controls/ControlRig_RoundedTriangle_1mm.ubulk" 902
"../../../Engine/Plugins/Animation/ControlRig/Content/Controls/ControlRig_RoundedTriangle_1mm.uasset" 903
"../../../Engine/Plugins/Animation/ControlRig/Content/Controls/ControlRig_RoundedTriangle_1mm.uexp" 904
"../../../Engine/Plugins/Animation/ControlRig/Content/Controls/ControlRig_RoundedTriangle_3mm.ubulk" 905
"../../../Engine/Plugins/Animation/ControlRig/Content/Controls/ControlRig_RoundedTriangle_3mm.uasset" 906
"../../../Engine/Plugins/Animation/ControlRig/Content/Controls/ControlRig_RoundedTriangle_3mm.uexp" 907
"../../../Engine/Plugins/Animation/ControlRig/Content/Controls/ControlRig_RoundedTriangle_solid.ubulk" 908
"../../../Engine/Plugins/Animation/ControlRig/Content/Controls/ControlRig_RoundedTriangle_solid.uasset" 909
"../../../Engine/Plugins/Animation/ControlRig/Content/Controls/ControlRig_RoundedTriangle_solid.uexp" 910
"../../../Engine/Plugins/Animation/ControlRig/Content/Controls/ControlRig_Sphere_1mm.ubulk" 911
"../../../Engine/Plugins/Animation/ControlRig/Content/Controls/ControlRig_Sphere_1mm.uasset" 912
"../../../Engine/Plugins/Animation/ControlRig/Content/Controls/ControlRig_Sphere_1mm.uexp" 913
"../../../Engine/Plugins/Animation/ControlRig/Content/Controls/ControlRig_Sphere_3mm.ubulk" 914
"../../../Engine/Plugins/Animation/ControlRig/Content/Controls/ControlRig_Sphere_3mm.uasset" 915
"../../../Engine/Plugins/Animation/ControlRig/Content/Controls/ControlRig_Sphere_3mm.uexp" 916
"../../../Engine/Plugins/Animation/ControlRig/Content/Controls/ControlRig_Sphere_solid.ubulk" 917
"../../../Engine/Plugins/Animation/ControlRig/Content/Controls/ControlRig_Sphere_solid.uasset" 918
"../../../Engine/Plugins/Animation/ControlRig/Content/Controls/ControlRig_Sphere_solid.uexp" 919
"../../../Engine/Plugins/Animation/ControlRig/Content/Controls/ControlRig_Square_1mm.ubulk" 920
"../../../Engine/Plugins/Animation/ControlRig/Content/Controls/ControlRig_Square_1mm.uasset" 921
"../../../Engine/Plugins/Animation/ControlRig/Content/Controls/ControlRig_Square_1mm.uexp" 922
"../../../Engine/Plugins/Animation/ControlRig/Content/Controls/ControlRig_Square_3mm.ubulk" 923
"../../../Engine/Plugins/Animation/ControlRig/Content/Controls/ControlRig_Square_3mm.uasset" 924
"../../../Engine/Plugins/Animation/ControlRig/Content/Controls/ControlRig_Square_3mm.uexp" 925
"../../../Engine/Plugins/Animation/ControlRig/Content/Controls/ControlRig_Square_solid.ubulk" 926
"../../../Engine/Plugins/Animation/ControlRig/Content/Controls/ControlRig_Square_solid.uasset" 927
"../../../Engine/Plugins/Animation/ControlRig/Content/Controls/ControlRig_Square_solid.uexp" 928
"../../../Engine/Plugins/Animation/ControlRig/Content/Controls/ControlRig_Star4_1mm.ubulk" 929
"../../../Engine/Plugins/Animation/ControlRig/Content/Controls/ControlRig_Star4_1mm.uasset" 930
"../../../Engine/Plugins/Animation/ControlRig/Content/Controls/ControlRig_Star4_1mm.uexp" 931
"../../../Engine/Plugins/Animation/ControlRig/Content/Controls/ControlRig_Star4_3mm.ubulk" 932
"../../../Engine/Plugins/Animation/ControlRig/Content/Controls/ControlRig_Star4_3mm.uasset" 933
"../../../Engine/Plugins/Animation/ControlRig/Content/Controls/ControlRig_Star4_3mm.uexp" 934
"../../../Engine/Plugins/Animation/ControlRig/Content/Controls/ControlRig_Star4_solid.ubulk" 935
"../../../Engine/Plugins/Animation/ControlRig/Content/Controls/ControlRig_Star4_solid.uasset" 936
"../../../Engine/Plugins/Animation/ControlRig/Content/Controls/ControlRig_Star4_solid.uexp" 937
"../../../Engine/Plugins/Animation/ControlRig/Content/Controls/ControlRig_Triangle_1mm.ubulk" 938
"../../../Engine/Plugins/Animation/ControlRig/Content/Controls/ControlRig_Triangle_1mm.uasset" 939
"../../../Engine/Plugins/Animation/ControlRig/Content/Controls/ControlRig_Triangle_1mm.uexp" 940
"../../../Engine/Plugins/Animation/ControlRig/Content/Controls/ControlRig_Triangle_3mm.ubulk" 941
"../../../Engine/Plugins/Animation/ControlRig/Content/Controls/ControlRig_Triangle_3mm.uasset" 942
"../../../Engine/Plugins/Animation/ControlRig/Content/Controls/ControlRig_Triangle_3mm.uexp" 943
"../../../Engine/Plugins/Animation/ControlRig/Content/Controls/ControlRig_Triangle_solid.ubulk" 944
"../../../Engine/Plugins/Animation/ControlRig/Content/Controls/ControlRig_Triangle_solid.uasset" 945
"../../../Engine/Plugins/Animation/ControlRig/Content/Controls/ControlRig_Triangle_solid.uexp" 946
"../../../Engine/Plugins/Animation/ControlRig/Content/Controls/ControlRig_Wedge_1mm.ubulk" 947
"../../../Engine/Plugins/Animation/ControlRig/Content/Controls/ControlRig_Wedge_1mm.uasset" 948
"../../../Engine/Plugins/Animation/ControlRig/Content/Controls/ControlRig_Wedge_1mm.uexp" 949
"../../../Engine/Plugins/Animation/ControlRig/Content/Controls/ControlRig_Wedge_3mm.ubulk" 950
"../../../Engine/Plugins/Animation/ControlRig/Content/Controls/ControlRig_Wedge_3mm.uasset" 951
"../../../Engine/Plugins/Animation/ControlRig/Content/Controls/ControlRig_Wedge_3mm.uexp" 952
"../../../Engine/Plugins/Animation/ControlRig/Content/Controls/ControlRig_Wedge_solid.ubulk" 953
"../../../Engine/Plugins/Animation/ControlRig/Content/Controls/ControlRig_Wedge_solid.uasset" 954
"../../../Engine/Plugins/Animation/ControlRig/Content/Controls/ControlRig_Wedge_solid.uexp" 955
"../../../Engine/Plugins/Animation/ControlRig/Content/M_Manip.uasset" 956
"../../../Engine/Plugins/Animation/ControlRig/Content/M_Manip.uexp" 957
"../../../Engine/Plugins/Editor/SpeedTreeImporter/Content/SpeedTree9/game_wind_noise.ubulk" 958
"../../../Engine/Plugins/Editor/SpeedTreeImporter/Content/SpeedTree9/game_wind_noise.uasset" 959
"../../../Engine/Plugins/Editor/SpeedTreeImporter/Content/SpeedTree9/game_wind_noise.uexp" 960
"../../../Engine/Plugins/Editor/SpeedTreeImporter/Content/SpeedTree9/UnpackDirection.uasset" 961
"../../../Engine/Plugins/Editor/SpeedTreeImporter/Content/SpeedTree9/UnpackDirection.uexp" 962
"../../../Engine/Content/Functions/Engine_MaterialFunctions02/ObjectLocalBounds.uasset" 963
"../../../Engine/Content/Functions/Engine_MaterialFunctions02/ObjectLocalBounds.uexp" 964
"../../../Engine/Content/Functions/Engine_MaterialFunctions02/UVs/BoundingBoxBased_0-1_UVW.uasset" 965
"../../../Engine/Content/Functions/Engine_MaterialFunctions02/UVs/BoundingBoxBased_0-1_UVW.uexp" 966
"../../../Engine/Plugins/Editor/SpeedTreeImporter/Content/SpeedTree9/SpeedTreeBillboard.uasset" 967
"../../../Engine/Plugins/Editor/SpeedTreeImporter/Content/SpeedTree9/SpeedTreeBillboard.uexp" 968
"../../../Engine/Content/Functions/Engine_MaterialFunctions02/Utility/VectorLength.uasset" 969
"../../../Engine/Content/Functions/Engine_MaterialFunctions02/Utility/VectorLength.uexp" 970
"../../../Engine/Plugins/Editor/SpeedTreeImporter/Content/SpeedTree9/UnpackInteger3.uasset" 971
"../../../Engine/Plugins/Editor/SpeedTreeImporter/Content/SpeedTree9/UnpackInteger3.uexp" 972
"../../../Engine/Content/Functions/Engine_MaterialFunctions02/WorldPositionOffset/ObjectScale.uasset" 973
"../../../Engine/Content/Functions/Engine_MaterialFunctions02/WorldPositionOffset/ObjectScale.uexp" 974
"../../../Engine/Content/Functions/Engine_MaterialFunctions02/SafeNormalize.uasset" 975
"../../../Engine/Content/Functions/Engine_MaterialFunctions02/SafeNormalize.uexp" 976
"../../../Engine/Plugins/Editor/SpeedTreeImporter/Content/SpeedTree9/SpeedTreeWindMotion.uasset" 977
"../../../Engine/Plugins/Editor/SpeedTreeImporter/Content/SpeedTree9/SpeedTreeWindMotion.uexp" 978
"../../../Engine/Plugins/Editor/SpeedTreeImporter/Content/SpeedTree9/SpeedTreeBranchMotion.uasset" 979
"../../../Engine/Plugins/Editor/SpeedTreeImporter/Content/SpeedTree9/SpeedTreeBranchMotion.uexp" 980
"../../../Engine/Plugins/Editor/SpeedTreeImporter/Content/SpeedTree9/SpeedTreeWind.uasset" 981
"../../../Engine/Plugins/Editor/SpeedTreeImporter/Content/SpeedTree9/SpeedTreeWind.uexp" 982
"../../../Engine/Plugins/Editor/SpeedTreeImporter/Content/SpeedTree9/EmptyNormal.uasset" 983
"../../../Engine/Plugins/Editor/SpeedTreeImporter/Content/SpeedTree9/EmptyNormal.uexp" 984
"../../../Engine/Plugins/Editor/SpeedTreeImporter/Content/SpeedTree9/Empty.uasset" 985
"../../../Engine/Plugins/Editor/SpeedTreeImporter/Content/SpeedTree9/Empty.uexp" 986
"../../../Engine/Plugins/Editor/SpeedTreeImporter/Content/SpeedTree9/SpeedTreeBillboardMaster.uasset" 987
"../../../Engine/Plugins/Editor/SpeedTreeImporter/Content/SpeedTree9/SpeedTreeBillboardMaster.uexp" 988
"../../../Engine/Plugins/Editor/SpeedTreeImporter/Content/SpeedTree9/SpeedTreeCameraFacing.uasset" 989
"../../../Engine/Plugins/Editor/SpeedTreeImporter/Content/SpeedTree9/SpeedTreeCameraFacing.uexp" 990
"../../../Engine/Plugins/Editor/SpeedTreeImporter/Content/SpeedTree9/SpeedTreeMaster.uasset" 991
"../../../Engine/Plugins/Editor/SpeedTreeImporter/Content/SpeedTree9/SpeedTreeMaster.uexp" 992
"../../../Engine/Plugins/Media/MediaPlate/Content/SM_MediaPlateScreen.ubulk" 993
"../../../Engine/Plugins/Media/MediaPlate/Content/SM_MediaPlateScreen.uasset" 994
"../../../Engine/Plugins/Media/MediaPlate/Content/SM_MediaPlateScreen.uexp" 995
"../../../Engine/Plugins/NNE/NNEDenoiser/Content/NNEDIM_ColorAlbedoNormal_Alpha.uasset" 996
"../../../Engine/Plugins/NNE/NNEDenoiser/Content/NNEDIM_ColorAlbedoNormal_Alpha.uexp" 997
"../../../Engine/Plugins/NNE/NNEDenoiser/Content/NNEDIM_ColorAlbedoNormal_Default.uasset" 998
"../../../Engine/Plugins/NNE/NNEDenoiser/Content/NNEDIM_ColorAlbedoNormal_Default.uexp" 999
"../../../Engine/Plugins/NNE/NNEDenoiser/Content/NNEDIM_HighQuality_Alpha.uasset" 1000
"../../../Engine/Plugins/NNE/NNEDenoiser/Content/NNEDIM_HighQuality_Alpha.uexp" 1001
"../../../Engine/Plugins/NNE/NNEDenoiser/Content/NNEDIM_HighQuality_Default.uasset" 1002
"../../../Engine/Plugins/NNE/NNEDenoiser/Content/NNEDIM_HighQuality_Default.uexp" 1003
"../../../Engine/Plugins/NNE/NNEDenoiser/Content/NNEDOM_Output_Alpha.uasset" 1004
"../../../Engine/Plugins/NNE/NNEDenoiser/Content/NNEDOM_Output_Alpha.uexp" 1005
"../../../Engine/Plugins/NNE/NNEDenoiser/Content/NNEDOM_Output_Default.uasset" 1006
"../../../Engine/Plugins/NNE/NNEDenoiser/Content/NNEDOM_Output_Default.uexp" 1007
"../../../Engine/Plugins/NNE/NNEDenoiser/Content/NNEDTIM_ColorAlbedoNormal_Alpha.uasset" 1008
"../../../Engine/Plugins/NNE/NNEDenoiser/Content/NNEDTIM_ColorAlbedoNormal_Alpha.uexp" 1009
"../../../Engine/Plugins/NNE/NNEDenoiser/Content/NNEDTIM_ColorAlbedoNormal_Default.uasset" 1010
"../../../Engine/Plugins/NNE/NNEDenoiser/Content/NNEDTIM_ColorAlbedoNormal_Default.uexp" 1011
"../../../Engine/Plugins/NNE/NNEDenoiser/Content/NNEDTOM_Output_Alpha.uasset" 1012
"../../../Engine/Plugins/NNE/NNEDenoiser/Content/NNEDTOM_Output_Alpha.uexp" 1013
"../../../Engine/Plugins/NNE/NNEDenoiser/Content/NNEDTOM_Output_Default.uasset" 1014
"../../../Engine/Plugins/NNE/NNEDenoiser/Content/NNEDTOM_Output_Default.uexp" 1015
"../../../Engine/Content/Functions/Engine_MaterialFunctions02/Texturing/CustomRotator.uasset" 1016
"../../../Engine/Content/Functions/Engine_MaterialFunctions02/Texturing/CustomRotator.uexp" 1017
"../../../Engine/Content/Functions/Engine_MaterialFunctions01/Gradient/GeneratedRoundRect.uasset" 1018
"../../../Engine/Content/Functions/Engine_MaterialFunctions01/Gradient/GeneratedRoundRect.uexp" 1019
"../../../Engine/Content/Functions/Engine_MaterialFunctions01/Gradient/SphereGradient-2D.uasset" 1020
"../../../Engine/Content/Functions/Engine_MaterialFunctions01/Gradient/SphereGradient-2D.uexp" 1021
"../../../Engine/Plugins/Runtime/AudioWidgets/Content/AudioMaterialSlate/Functions/MF_DotOutlined.uasset" 1022
"../../../Engine/Plugins/Runtime/AudioWidgets/Content/AudioMaterialSlate/Functions/MF_DotOutlined.uexp" 1023
"../../../Engine/Plugins/Runtime/AudioWidgets/Content/AudioMaterialSlate/M_AudioMaterialEnvelope_ADSR.uasset" 1024
"../../../Engine/Plugins/Runtime/AudioWidgets/Content/AudioMaterialSlate/M_AudioMaterialEnvelope_ADSR.uexp" 1025
"../../../Engine/Plugins/Runtime/AudioWidgets/Content/AudioMaterialSlate/MI_AudioMaterialEnvelope_ADSR.uasset" 1026
"../../../Engine/Plugins/Runtime/AudioWidgets/Content/AudioMaterialSlate/MI_AudioMaterialEnvelope_ADSR.uexp" 1027
"../../../Engine/Plugins/Runtime/AudioWidgets/Content/AudioMaterialSlate/Functions/MF_SingleLine_Smooth.uasset" 1028
"../../../Engine/Plugins/Runtime/AudioWidgets/Content/AudioMaterialSlate/Functions/MF_SingleLine_Smooth.uexp" 1029
"../../../Engine/Plugins/Runtime/AudioWidgets/Content/AudioMaterialSlate/Functions/MF_AngleGradient.uasset" 1030
"../../../Engine/Plugins/Runtime/AudioWidgets/Content/AudioMaterialSlate/Functions/MF_AngleGradient.uexp" 1031
"../../../Engine/Content/Functions/Engine_MaterialFunctions02/Lerp_3Color.uasset" 1032
"../../../Engine/Content/Functions/Engine_MaterialFunctions02/Lerp_3Color.uexp" 1033
"../../../Engine/Plugins/Runtime/AudioWidgets/Content/AudioMaterialSlate/M_AudioMaterialKnob.uasset" 1034
"../../../Engine/Plugins/Runtime/AudioWidgets/Content/AudioMaterialSlate/M_AudioMaterialKnob.uexp" 1035
"../../../Engine/Plugins/Runtime/AudioWidgets/Content/AudioMaterialSlate/MI_AudioMaterialKnob.uasset" 1036
"../../../Engine/Plugins/Runtime/AudioWidgets/Content/AudioMaterialSlate/MI_AudioMaterialKnob.uexp" 1037
"../../../Engine/Plugins/Runtime/AudioWidgets/Content/AudioMaterialSlate/Functions/MF_Lines.uasset" 1038
"../../../Engine/Plugins/Runtime/AudioWidgets/Content/AudioMaterialSlate/Functions/MF_Lines.uexp" 1039
"../../../Engine/Plugins/Runtime/AudioWidgets/Content/AudioMaterialSlate/M_AudioMaterialMeter.uasset" 1040
"../../../Engine/Plugins/Runtime/AudioWidgets/Content/AudioMaterialSlate/M_AudioMaterialMeter.uexp" 1041
"../../../Engine/Plugins/Runtime/AudioWidgets/Content/AudioMaterialSlate/MI_AudioMaterialMeter.uasset" 1042
"../../../Engine/Plugins/Runtime/AudioWidgets/Content/AudioMaterialSlate/MI_AudioMaterialMeter.uexp" 1043
"../../../Engine/Plugins/Runtime/AudioWidgets/Content/AudioMaterialSlate/M_AudioMaterialRoundedSlider.uasset" 1044
"../../../Engine/Plugins/Runtime/AudioWidgets/Content/AudioMaterialSlate/M_AudioMaterialRoundedSlider.uexp" 1045
"../../../Engine/Plugins/Runtime/AudioWidgets/Content/AudioMaterialSlate/MI_AudioMaterialRoundedSlider.uasset" 1046
"../../../Engine/Plugins/Runtime/AudioWidgets/Content/AudioMaterialSlate/MI_AudioMaterialRoundedSlider.uexp" 1047
"../../../Engine/Plugins/Runtime/AudioWidgets/Content/AudioMaterialSlate/Functions/MF_SingleLine.uasset" 1048
"../../../Engine/Plugins/Runtime/AudioWidgets/Content/AudioMaterialSlate/Functions/MF_SingleLine.uexp" 1049
"../../../Engine/Plugins/Runtime/AudioWidgets/Content/AudioMaterialSlate/M_AudioMaterialToggleButton.uasset" 1050
"../../../Engine/Plugins/Runtime/AudioWidgets/Content/AudioMaterialSlate/M_AudioMaterialToggleButton.uexp" 1051
"../../../Engine/Plugins/Runtime/AudioWidgets/Content/AudioMaterialSlate/MI_AudioMaterialToggleButton.uasset" 1052
"../../../Engine/Plugins/Runtime/AudioWidgets/Content/AudioMaterialSlate/MI_AudioMaterialToggleButton.uexp" 1053
"../../../Engine/Plugins/Runtime/HairStrands/Content/Materials/HairCardsDefaultMaterial.uasset" 1054
"../../../Engine/Plugins/Runtime/HairStrands/Content/Materials/HairCardsDefaultMaterial.uexp" 1055
"../../../Engine/Plugins/Runtime/HairStrands/Content/Materials/HairGroupColors.uasset" 1056
"../../../Engine/Plugins/Runtime/HairStrands/Content/Materials/HairGroupColors.uexp" 1057
"../../../Engine/Content/Functions/Engine_MaterialFunctions02/Utility/MakeFloat2.uasset" 1058
"../../../Engine/Content/Functions/Engine_MaterialFunctions02/Utility/MakeFloat2.uexp" 1059
"../../../Engine/Content/EngineMaterials/HairColorMap.uasset" 1060
"../../../Engine/Content/EngineMaterials/HairColorMap.uexp" 1061
"../../../Engine/Content/EngineMaterials/HairDebugColor.uasset" 1062
"../../../Engine/Content/EngineMaterials/HairDebugColor.uexp" 1063
"../../../Engine/Plugins/Runtime/HairStrands/Content/Materials/HairDebugMaterial.uasset" 1064
"../../../Engine/Plugins/Runtime/HairStrands/Content/Materials/HairDebugMaterial.uexp" 1065
"../../../Engine/Plugins/Runtime/HairStrands/Content/Materials/HairDefaultMaterial.uasset" 1066
"../../../Engine/Plugins/Runtime/HairStrands/Content/Materials/HairDefaultMaterial.uexp" 1067
"../../../Engine/Plugins/Runtime/HairStrands/Content/Materials/HairMeshesDefaultMaterial.uasset" 1068
"../../../Engine/Plugins/Runtime/HairStrands/Content/Materials/HairMeshesDefaultMaterial.uexp" 1069
"../../../Engine/Plugins/Runtime/MeshModelingToolset/Content/Materials/M_DynamicMeshComponentVtxColor.uasset" 1070
"../../../Engine/Plugins/Runtime/MeshModelingToolset/Content/Materials/M_DynamicMeshComponentVtxColor.uexp" 1071
"C:/Users/Lauti/Documents/GitHub/OMOMBO_Jungle_Kings/OMOMBO_Jungle_Kings/Content/LevelPrototyping/Textures/T_GridChecker_A.ubulk" 1072
"C:/Users/Lauti/Documents/GitHub/OMOMBO_Jungle_Kings/OMOMBO_Jungle_Kings/Content/LevelPrototyping/Textures/T_GridChecker_A.uasset" 1073
"C:/Users/Lauti/Documents/GitHub/OMOMBO_Jungle_Kings/OMOMBO_Jungle_Kings/Content/LevelPrototyping/Textures/T_GridChecker_A.uexp" 1074
"../../../Engine/Content/Functions/Engine_MaterialFunctions01/Gradient/LinearGradient.uasset" 1075
"../../../Engine/Content/Functions/Engine_MaterialFunctions01/Gradient/LinearGradient.uexp" 1076
"../../../Engine/Content/Functions/Engine_MaterialFunctions01/ImageAdjustment/CheapContrast.uasset" 1077
"../../../Engine/Content/Functions/Engine_MaterialFunctions01/ImageAdjustment/CheapContrast.uexp" 1078
"C:/Users/Lauti/Documents/GitHub/OMOMBO_Jungle_Kings/OMOMBO_Jungle_Kings/Content/LevelPrototyping/Materials/MF_ProcGrid.uasset" 1079
"C:/Users/Lauti/Documents/GitHub/OMOMBO_Jungle_Kings/OMOMBO_Jungle_Kings/Content/LevelPrototyping/Materials/MF_ProcGrid.uexp" 1080
"C:/Users/Lauti/Documents/GitHub/OMOMBO_Jungle_Kings/OMOMBO_Jungle_Kings/Content/LevelPrototyping/Materials/M_PrototypeGrid.uasset" 1081
"C:/Users/Lauti/Documents/GitHub/OMOMBO_Jungle_Kings/OMOMBO_Jungle_Kings/Content/LevelPrototyping/Materials/M_PrototypeGrid.uexp" 1082
"C:/Users/Lauti/Documents/GitHub/OMOMBO_Jungle_Kings/OMOMBO_Jungle_Kings/Content/LevelPrototyping/Materials/MI_PrototypeGrid_Gray.uasset" 1083
"C:/Users/Lauti/Documents/GitHub/OMOMBO_Jungle_Kings/OMOMBO_Jungle_Kings/Content/LevelPrototyping/Materials/MI_PrototypeGrid_Gray.uexp" 1084
"C:/Users/Lauti/Documents/GitHub/OMOMBO_Jungle_Kings/OMOMBO_Jungle_Kings/Content/LevelPrototyping/Meshes/SM_QuarterCylinder.ubulk" 1085
"C:/Users/Lauti/Documents/GitHub/OMOMBO_Jungle_Kings/OMOMBO_Jungle_Kings/Content/LevelPrototyping/Meshes/SM_QuarterCylinder.uasset" 1086
"C:/Users/Lauti/Documents/GitHub/OMOMBO_Jungle_Kings/OMOMBO_Jungle_Kings/Content/LevelPrototyping/Meshes/SM_QuarterCylinder.uexp" 1087
"C:/Users/Lauti/Documents/GitHub/OMOMBO_Jungle_Kings/OMOMBO_Jungle_Kings/Content/LevelPrototyping/Materials/MI_PrototypeGrid_TopDark.uasset" 1088
"C:/Users/Lauti/Documents/GitHub/OMOMBO_Jungle_Kings/OMOMBO_Jungle_Kings/Content/LevelPrototyping/Materials/MI_PrototypeGrid_TopDark.uexp" 1089
"C:/Users/Lauti/Documents/GitHub/OMOMBO_Jungle_Kings/OMOMBO_Jungle_Kings/Content/LevelPrototyping/Materials/M_Solid.uasset" 1090
"C:/Users/Lauti/Documents/GitHub/OMOMBO_Jungle_Kings/OMOMBO_Jungle_Kings/Content/LevelPrototyping/Materials/M_Solid.uexp" 1091
"C:/Users/Lauti/Documents/GitHub/OMOMBO_Jungle_Kings/OMOMBO_Jungle_Kings/Content/LevelPrototyping/Materials/MI_Solid_Blue.uasset" 1092
"C:/Users/Lauti/Documents/GitHub/OMOMBO_Jungle_Kings/OMOMBO_Jungle_Kings/Content/LevelPrototyping/Materials/MI_Solid_Blue.uexp" 1093
"C:/Users/Lauti/Documents/GitHub/OMOMBO_Jungle_Kings/OMOMBO_Jungle_Kings/Content/LevelPrototyping/Meshes/SM_ChamferCube.ubulk" 1094
"C:/Users/Lauti/Documents/GitHub/OMOMBO_Jungle_Kings/OMOMBO_Jungle_Kings/Content/LevelPrototyping/Meshes/SM_ChamferCube.uasset" 1095
"C:/Users/Lauti/Documents/GitHub/OMOMBO_Jungle_Kings/OMOMBO_Jungle_Kings/Content/LevelPrototyping/Meshes/SM_ChamferCube.uexp" 1096
"C:/Users/Lauti/Documents/GitHub/OMOMBO_Jungle_Kings/OMOMBO_Jungle_Kings/Content/LevelPrototyping/Meshes/SM_Cube.ubulk" 1097
"C:/Users/Lauti/Documents/GitHub/OMOMBO_Jungle_Kings/OMOMBO_Jungle_Kings/Content/LevelPrototyping/Meshes/SM_Cube.uasset" 1098
"C:/Users/Lauti/Documents/GitHub/OMOMBO_Jungle_Kings/OMOMBO_Jungle_Kings/Content/LevelPrototyping/Meshes/SM_Cube.uexp" 1099
"../../../Engine/Content/EngineSky/T_Sky_Stars.ubulk" 1100
"../../../Engine/Content/EngineSky/T_Sky_Stars.uasset" 1101
"../../../Engine/Content/EngineSky/T_Sky_Stars.uexp" 1102
"../../../Engine/Content/EngineSky/T_Sky_Clouds_M.ubulk" 1103
"../../../Engine/Content/EngineSky/T_Sky_Clouds_M.uasset" 1104
"../../../Engine/Content/EngineSky/T_Sky_Clouds_M.uexp" 1105
"../../../Engine/Content/EngineSky/T_Sky_Blue.ubulk" 1106
"../../../Engine/Content/EngineSky/T_Sky_Blue.uasset" 1107
"../../../Engine/Content/EngineSky/T_Sky_Blue.uexp" 1108
"../../../Engine/Content/EngineSky/M_Sky_Panning_Clouds2.uasset" 1109
"../../../Engine/Content/EngineSky/M_Sky_Panning_Clouds2.uexp" 1110
"../../../Engine/Content/EngineSky/SM_SkySphere.ubulk" 1111
"../../../Engine/Content/EngineSky/SM_SkySphere.uasset" 1112
"../../../Engine/Content/EngineSky/SM_SkySphere.uexp" 1113
"../../../Engine/Content/EngineSky/M_SimpleSkyDome.uasset" 1114
"../../../Engine/Content/EngineSky/M_SimpleSkyDome.uexp" 1115
"C:/Users/Lauti/Documents/GitHub/OMOMBO_Jungle_Kings/OMOMBO_Jungle_Kings/Content/LevelPrototyping/Meshes/SM_Ramp.ubulk" 1116
"C:/Users/Lauti/Documents/GitHub/OMOMBO_Jungle_Kings/OMOMBO_Jungle_Kings/Content/LevelPrototyping/Meshes/SM_Ramp.uasset" 1117
"C:/Users/Lauti/Documents/GitHub/OMOMBO_Jungle_Kings/OMOMBO_Jungle_Kings/Content/LevelPrototyping/Meshes/SM_Ramp.uexp" 1118
"C:/Users/Lauti/Documents/GitHub/OMOMBO_Jungle_Kings/OMOMBO_Jungle_Kings/Content/OmomboContent/NewFolder/IK_AutoGeneratedSource.uasset" 1119
"C:/Users/Lauti/Documents/GitHub/OMOMBO_Jungle_Kings/OMOMBO_Jungle_Kings/Content/OmomboContent/NewFolder/IK_AutoGeneratedSource.uexp" 1120
"C:/Users/Lauti/Documents/GitHub/OMOMBO_Jungle_Kings/OMOMBO_Jungle_Kings/Content/OmomboContent/NewFolder/IK_AutoGeneratedTarget.uasset" 1121
"C:/Users/Lauti/Documents/GitHub/OMOMBO_Jungle_Kings/OMOMBO_Jungle_Kings/Content/OmomboContent/NewFolder/IK_AutoGeneratedTarget.uexp" 1122
"../../../Engine/Content/EngineResources/LandscapeVisibilityLayerInfo.uasset" 1123
"../../../Engine/Content/EngineResources/LandscapeVisibilityLayerInfo.uexp" 1124
"../../../Engine/Content/VREditor/TransformGizmo/StartRotationHandleIndicator.ubulk" 1125
"../../../Engine/Content/VREditor/TransformGizmo/StartRotationHandleIndicator.uasset" 1126
"../../../Engine/Content/VREditor/TransformGizmo/StartRotationHandleIndicator.uexp" 1127
"../../../Engine/Content/VREditor/Sounds/UI/Drop_Item_From_ContentBrowser.ubulk" 1128
"../../../Engine/Content/VREditor/Sounds/UI/Drop_Item_From_ContentBrowser.uasset" 1129
"../../../Engine/Content/VREditor/Sounds/UI/Drop_Item_From_ContentBrowser.uexp" 1130
"../../../Engine/Content/VREditor/TransformGizmo/PlaneTranslationHandle.ubulk" 1131
"../../../Engine/Content/VREditor/TransformGizmo/PlaneTranslationHandle.uasset" 1132
"../../../Engine/Content/VREditor/TransformGizmo/PlaneTranslationHandle.uexp" 1133
"../../../Engine/Content/VREditor/Sounds/UI/Object_Snaps_To_Grid.ubulk" 1134
"../../../Engine/Content/VREditor/Sounds/UI/Object_Snaps_To_Grid.uasset" 1135
"../../../Engine/Content/VREditor/Sounds/UI/Object_Snaps_To_Grid.uexp" 1136
"../../../Engine/Content/VREditor/Sounds/UI/Selection_Changes.ubulk" 1137
"../../../Engine/Content/VREditor/Sounds/UI/Selection_Changes.uasset" 1138
"../../../Engine/Content/VREditor/Sounds/UI/Selection_Changes.uexp" 1139
"../../../Engine/Content/VREditor/Sounds/UI/Object_Snaps_To_Another_Actor.ubulk" 1140
"../../../Engine/Content/VREditor/Sounds/UI/Object_Snaps_To_Another_Actor.uasset" 1141
"../../../Engine/Content/VREditor/Sounds/UI/Object_Snaps_To_Another_Actor.uexp" 1142
"../../../Engine/Content/VREditor/TransformGizmo/TranslucentTransformGizmoMaterial_Inst.uasset" 1143
"../../../Engine/Content/VREditor/TransformGizmo/TranslucentTransformGizmoMaterial_Inst.uexp" 1144
"../../../Engine/Content/VREditor/TransformGizmo/TransformGizmoFreeRotation.ubulk" 1145
"../../../Engine/Content/VREditor/TransformGizmo/TransformGizmoFreeRotation.uasset" 1146
"../../../Engine/Content/VREditor/TransformGizmo/TransformGizmoFreeRotation.uexp" 1147
"../../../Engine/Content/VREditor/Sounds/UI/Scaling_Down.ubulk" 1148
"../../../Engine/Content/VREditor/Sounds/UI/Scaling_Down.uasset" 1149
"../../../Engine/Content/VREditor/Sounds/UI/Scaling_Down.uexp" 1150
"../../../Engine/Content/Functions/Engine_MaterialFunctions02/SplitComponents.uasset" 1151
"../../../Engine/Content/Functions/Engine_MaterialFunctions02/SplitComponents.uexp" 1152
"../../../Engine/Content/VREditor/SnapGrid/SnapGridMaterial.uasset" 1153
"../../../Engine/Content/VREditor/SnapGrid/SnapGridMaterial.uexp" 1154
"../../../Engine/Content/VREditor/SnapGrid/SnapGridPlaneMesh.ubulk" 1155
"../../../Engine/Content/VREditor/SnapGrid/SnapGridPlaneMesh.uasset" 1156
"../../../Engine/Content/VREditor/SnapGrid/SnapGridPlaneMesh.uexp" 1157
"../../../Engine/Content/VREditor/Sounds/UI/Scaling_Up.ubulk" 1158
"../../../Engine/Content/VREditor/Sounds/UI/Scaling_Up.uasset" 1159
"../../../Engine/Content/VREditor/Sounds/UI/Scaling_Up.uexp" 1160
"../../../Engine/Content/VREditor/TransformGizmo/TransformGizmoMaterial_Inst.uasset" 1161
"../../../Engine/Content/VREditor/TransformGizmo/TransformGizmoMaterial_Inst.uexp" 1162
"../../../Engine/Content/VREditor/Sounds/UI/Gizmo_Handle_Clicked.ubulk" 1163
"../../../Engine/Content/VREditor/Sounds/UI/Gizmo_Handle_Clicked.uasset" 1164
"../../../Engine/Content/VREditor/Sounds/UI/Gizmo_Handle_Clicked.uexp" 1165
"../../../Engine/Content/VREditor/TransformGizmo/RotationHandleQuarter.ubulk" 1166
"../../../Engine/Content/VREditor/TransformGizmo/RotationHandleQuarter.uasset" 1167
"../../../Engine/Content/VREditor/TransformGizmo/RotationHandleQuarter.uexp" 1168
"../../../Engine/Content/VREditor/TransformGizmo/TranslateArrowHandle.ubulk" 1169
"../../../Engine/Content/VREditor/TransformGizmo/TranslateArrowHandle.uasset" 1170
"../../../Engine/Content/VREditor/TransformGizmo/TranslateArrowHandle.uexp" 1171
"../../../Engine/Content/VREditor/TransformGizmo/RotationHandleIndicator.ubulk" 1172
"../../../Engine/Content/VREditor/TransformGizmo/RotationHandleIndicator.uasset" 1173
"../../../Engine/Content/VREditor/TransformGizmo/RotationHandleIndicator.uexp" 1174
"../../../Engine/Content/VREditor/TransformGizmo/UniformScaleHandle.ubulk" 1175
"../../../Engine/Content/VREditor/TransformGizmo/UniformScaleHandle.uasset" 1176
"../../../Engine/Content/VREditor/TransformGizmo/UniformScaleHandle.uexp" 1177
"../../../Engine/Content/VREditor/TransformGizmo/RotationHandleFull.ubulk" 1178
"../../../Engine/Content/VREditor/TransformGizmo/RotationHandleFull.uasset" 1179
"../../../Engine/Content/VREditor/TransformGizmo/RotationHandleFull.uexp" 1180
"../../../Engine/Content/VREditor/Sounds/UI/Object_PickUp.ubulk" 1181
"../../../Engine/Content/VREditor/Sounds/UI/Object_PickUp.uasset" 1182
"../../../Engine/Content/VREditor/Sounds/UI/Object_PickUp.uexp" 1183
"../../../Engine/Plugins/Animation/DeformerGraph/Content/DeformerFunctions/DG_Function_ComputeNormalsTangents.uasset" 1184
"../../../Engine/Plugins/Animation/DeformerGraph/Content/DeformerFunctions/DG_Function_ComputeNormalsTangents.uexp" 1185
"../../../Engine/Plugins/Animation/DeformerGraph/Content/DeformerFunctions/DG_Function_LinearBlendSkin_Morph_Cloth.uasset" 1186
"../../../Engine/Plugins/Animation/DeformerGraph/Content/DeformerFunctions/DG_Function_LinearBlendSkin_Morph_Cloth.uexp" 1187
"../../../Engine/Plugins/Animation/DeformerGraph/Content/DeformerFunctions/DG_Function_LinearBlendSkin_Morph_Cloth_PositionOnly.uasset" 1188
"../../../Engine/Plugins/Animation/DeformerGraph/Content/DeformerFunctions/DG_Function_LinearBlendSkin_Morph_Cloth_PositionOnly.uexp" 1189
"../../../Engine/Plugins/Animation/DeformerGraph/Content/Deformers/DG_LinearBlendSkin_Morph_Cloth.uasset" 1190
"../../../Engine/Plugins/Animation/DeformerGraph/Content/Deformers/DG_LinearBlendSkin_Morph_Cloth.uexp" 1191
"../../../Engine/Plugins/Animation/DeformerGraph/Content/Deformers/DG_LinearBlendSkin_Morph_Cloth_RecomputeNormals.uasset" 1192
"../../../Engine/Plugins/Animation/DeformerGraph/Content/Deformers/DG_LinearBlendSkin_Morph_Cloth_RecomputeNormals.uexp" 1193
"../../../Engine/Plugins/NNE/NNEDenoiser/Content/NNEDT_Oidn2-3_Balanced.uasset" 1194
"../../../Engine/Plugins/NNE/NNEDenoiser/Content/NNEDT_Oidn2-3_Balanced.uexp" 1195
"../../../Engine/Plugins/NNE/NNEDenoiser/Content/NNEDT_Oidn2-3_Balanced_Alpha.uasset" 1196
"../../../Engine/Plugins/NNE/NNEDenoiser/Content/NNEDT_Oidn2-3_Balanced_Alpha.uexp" 1197
"../../../Engine/Plugins/NNE/NNEDenoiser/Content/NNED_Oidn2-3_Balanced.uasset" 1198
"../../../Engine/Plugins/NNE/NNEDenoiser/Content/NNED_Oidn2-3_Balanced.uexp" 1199
"../../../Engine/Plugins/NNE/NNEDenoiser/Content/NNED_Oidn2-3_Balanced_Alpha.uasset" 1200
"../../../Engine/Plugins/NNE/NNEDenoiser/Content/NNED_Oidn2-3_Balanced_Alpha.uexp" 1201
"../../../Engine/Plugins/NNE/NNEDenoiser/Content/NNED_Oidn2-3_Fast.uasset" 1202
"../../../Engine/Plugins/NNE/NNEDenoiser/Content/NNED_Oidn2-3_Fast.uexp" 1203
"../../../Engine/Plugins/NNE/NNEDenoiser/Content/NNED_Oidn2-3_Fast_Alpha.uasset" 1204
"../../../Engine/Plugins/NNE/NNEDenoiser/Content/NNED_Oidn2-3_Fast_Alpha.uexp" 1205
"../../../Engine/Plugins/NNE/NNEDenoiser/Content/NNED_Oidn2-3_HighQuality.uasset" 1206
"../../../Engine/Plugins/NNE/NNEDenoiser/Content/NNED_Oidn2-3_HighQuality.uexp" 1207
"../../../Engine/Plugins/NNE/NNEDenoiser/Content/NNED_Oidn2-3_HighQuality_Alpha.uasset" 1208
"../../../Engine/Plugins/NNE/NNEDenoiser/Content/NNED_Oidn2-3_HighQuality_Alpha.uexp" 1209
"../../../Engine/Plugins/NNE/NNEDenoiser/Content/NNE_oidn2-3-0_rt_hdr_alb_nrm_small__dyn__fp16_opset11_DenoiseAlpha.uasset" 1210
"../../../Engine/Plugins/NNE/NNEDenoiser/Content/NNE_oidn2-3-0_rt_hdr_alb_nrm_small__dyn__fp16_opset11_DenoiseAlpha.uexp" 1211
"../../../Engine/Plugins/NNE/NNEDenoiser/Content/NNE_oidn2-3-0_rt_hdr_alb_nrm_small__dyn__fp16_opset11_ForwardAlpha.uasset" 1212
"../../../Engine/Plugins/NNE/NNEDenoiser/Content/NNE_oidn2-3-0_rt_hdr_alb_nrm_small__dyn__fp16_opset11_ForwardAlpha.uexp" 1213
"../../../Engine/Plugins/NNE/NNEDenoiser/Content/NNE_oidn2-3-0_rt_hdr_alb_nrm__dyn__fp16_opset11_DenoiseAlpha.uasset" 1214
"../../../Engine/Plugins/NNE/NNEDenoiser/Content/NNE_oidn2-3-0_rt_hdr_alb_nrm__dyn__fp16_opset11_DenoiseAlpha.uexp" 1215
"../../../Engine/Plugins/NNE/NNEDenoiser/Content/NNE_oidn2-3-0_rt_hdr_alb_nrm__dyn__fp16_opset11_ForwardAlpha.uasset" 1216
"../../../Engine/Plugins/NNE/NNEDenoiser/Content/NNE_oidn2-3-0_rt_hdr_alb_nrm__dyn__fp16_opset11_ForwardAlpha.uexp" 1217
"../../../Engine/Plugins/NNE/NNEDenoiser/Content/NNE_oidn2-3-0_rt_hdr_calb_cnrm_large__dyn__fp16_opset11_DenoiseAlpha.uasset" 1218
"../../../Engine/Plugins/NNE/NNEDenoiser/Content/NNE_oidn2-3-0_rt_hdr_calb_cnrm_large__dyn__fp16_opset11_DenoiseAlpha.uexp" 1219
"../../../Engine/Plugins/NNE/NNEDenoiser/Content/NNE_oidn2-3-0_rt_hdr_calb_cnrm_large__dyn__fp16_opset11_ForwardAlpha.uasset" 1220
"../../../Engine/Plugins/NNE/NNEDenoiser/Content/NNE_oidn2-3-0_rt_hdr_calb_cnrm_large__dyn__fp16_opset11_ForwardAlpha.uexp" 1221
"../../../Engine/Content/BasicShapes/Sphere.ubulk" 1222
"../../../Engine/Content/BasicShapes/Sphere.uasset" 1223
"../../../Engine/Content/BasicShapes/Sphere.uexp" 1224
"C:/Users/Lauti/Documents/GitHub/OMOMBO_Jungle_Kings/OMOMBO_Jungle_Kings/Content/Characters/Mannequins/Meshes/SKM_Quinn_Simple.uasset" 1225
"C:/Users/Lauti/Documents/GitHub/OMOMBO_Jungle_Kings/OMOMBO_Jungle_Kings/Content/Characters/Mannequins/Meshes/SKM_Quinn_Simple.uexp" 1226
"C:/Users/Lauti/Documents/GitHub/OMOMBO_Jungle_Kings/OMOMBO_Jungle_Kings/Content/OmomboContent/Materials/Spear_MTL_normal.ubulk" 1227
"C:/Users/Lauti/Documents/GitHub/OMOMBO_Jungle_Kings/OMOMBO_Jungle_Kings/Content/OmomboContent/Materials/Spear_MTL_normal.uasset" 1228
"C:/Users/Lauti/Documents/GitHub/OMOMBO_Jungle_Kings/OMOMBO_Jungle_Kings/Content/OmomboContent/Materials/Spear_MTL_normal.uexp" 1229
"C:/Users/Lauti/Documents/GitHub/OMOMBO_Jungle_Kings/OMOMBO_Jungle_Kings/Content/OmomboContent/Materials/Spear_MTL_metallicRoughness.ubulk" 1230
"C:/Users/Lauti/Documents/GitHub/OMOMBO_Jungle_Kings/OMOMBO_Jungle_Kings/Content/OmomboContent/Materials/Spear_MTL_metallicRoughness.uasset" 1231
"C:/Users/Lauti/Documents/GitHub/OMOMBO_Jungle_Kings/OMOMBO_Jungle_Kings/Content/OmomboContent/Materials/Spear_MTL_metallicRoughness.uexp" 1232
"C:/Users/Lauti/Documents/GitHub/OMOMBO_Jungle_Kings/OMOMBO_Jungle_Kings/Content/OmomboContent/Materials/Spear_MTL_baseColor.ubulk" 1233
"C:/Users/Lauti/Documents/GitHub/OMOMBO_Jungle_Kings/OMOMBO_Jungle_Kings/Content/OmomboContent/Materials/Spear_MTL_baseColor.uasset" 1234
"C:/Users/Lauti/Documents/GitHub/OMOMBO_Jungle_Kings/OMOMBO_Jungle_Kings/Content/OmomboContent/Materials/Spear_MTL_baseColor.uexp" 1235
"../../../Engine/Plugins/Interchange/Assets/Content/gltf/MaterialInstances/MI_Default_Opaque_DS.uasset" 1236
"../../../Engine/Plugins/Interchange/Assets/Content/gltf/MaterialInstances/MI_Default_Opaque_DS.uexp" 1237
"C:/Users/Lauti/Documents/GitHub/OMOMBO_Jungle_Kings/OMOMBO_Jungle_Kings/Content/OmomboContent/Materials/Spear_MTL.uasset" 1238
"C:/Users/Lauti/Documents/GitHub/OMOMBO_Jungle_Kings/OMOMBO_Jungle_Kings/Content/OmomboContent/Materials/Spear_MTL.uexp" 1239
"C:/Users/Lauti/Documents/GitHub/OMOMBO_Jungle_Kings/OMOMBO_Jungle_Kings/Content/OmomboContent/Materials/MyasaiMesh.ubulk" 1240
"C:/Users/Lauti/Documents/GitHub/OMOMBO_Jungle_Kings/OMOMBO_Jungle_Kings/Content/OmomboContent/Materials/MyasaiMesh.uasset" 1241
"C:/Users/Lauti/Documents/GitHub/OMOMBO_Jungle_Kings/OMOMBO_Jungle_Kings/Content/OmomboContent/Materials/MyasaiMesh.uexp" 1242
"C:/Users/Lauti/Documents/GitHub/OMOMBO_Jungle_Kings/OMOMBO_Jungle_Kings/Content/OmomboContent/ObjectsAndCharacters/BPMyasai.uasset" 1243
"C:/Users/Lauti/Documents/GitHub/OMOMBO_Jungle_Kings/OMOMBO_Jungle_Kings/Content/OmomboContent/ObjectsAndCharacters/BPMyasai.uexp" 1244
"C:/Users/Lauti/Documents/GitHub/OMOMBO_Jungle_Kings/OMOMBO_Jungle_Kings/Content/ThirdPerson/Input/Actions/IA_Jump.uasset" 1245
"C:/Users/Lauti/Documents/GitHub/OMOMBO_Jungle_Kings/OMOMBO_Jungle_Kings/Content/ThirdPerson/Input/Actions/IA_Jump.uexp" 1246
"C:/Users/Lauti/Documents/GitHub/OMOMBO_Jungle_Kings/OMOMBO_Jungle_Kings/Content/ThirdPerson/Input/Actions/IA_Look.uasset" 1247
"C:/Users/Lauti/Documents/GitHub/OMOMBO_Jungle_Kings/OMOMBO_Jungle_Kings/Content/ThirdPerson/Input/Actions/IA_Look.uexp" 1248
"C:/Users/Lauti/Documents/GitHub/OMOMBO_Jungle_Kings/OMOMBO_Jungle_Kings/Content/ThirdPerson/Input/Actions/IA_Move.uasset" 1249
"C:/Users/Lauti/Documents/GitHub/OMOMBO_Jungle_Kings/OMOMBO_Jungle_Kings/Content/ThirdPerson/Input/Actions/IA_Move.uexp" 1250
"C:/Users/Lauti/Documents/GitHub/OMOMBO_Jungle_Kings/OMOMBO_Jungle_Kings/Content/ThirdPerson/Input/IMC_Default.uasset" 1251
"C:/Users/Lauti/Documents/GitHub/OMOMBO_Jungle_Kings/OMOMBO_Jungle_Kings/Content/ThirdPerson/Input/IMC_Default.uexp" 1252
"../../../Engine/Content/BasicShapes/BasicShapeMaterial.uasset" 1253
"../../../Engine/Content/BasicShapes/BasicShapeMaterial.uexp" 1254
"C:/Users/Lauti/Documents/GitHub/OMOMBO_Jungle_Kings/OMOMBO_Jungle_Kings/Content/OmomboContent/ObjectsAndCharacters/BPPedro.uasset" 1255
"C:/Users/Lauti/Documents/GitHub/OMOMBO_Jungle_Kings/OMOMBO_Jungle_Kings/Content/OmomboContent/ObjectsAndCharacters/BPPedro.uexp" 1256
"C:/Users/Lauti/Documents/GitHub/OMOMBO_Jungle_Kings/OMOMBO_Jungle_Kings/Content/ThirdPerson/Blueprints/BP_ThirdPersonGameMode.uasset" 1257
"C:/Users/Lauti/Documents/GitHub/OMOMBO_Jungle_Kings/OMOMBO_Jungle_Kings/Content/ThirdPerson/Blueprints/BP_ThirdPersonGameMode.uexp" 1258
"C:/Users/Lauti/Documents/GitHub/OMOMBO_Jungle_Kings/OMOMBO_Jungle_Kings/Content/OmomboContent/Widgets/WP_ScoreOnScreen.uasset" 1259
"C:/Users/Lauti/Documents/GitHub/OMOMBO_Jungle_Kings/OMOMBO_Jungle_Kings/Content/OmomboContent/Widgets/WP_ScoreOnScreen.uexp" 1260
"C:/Users/Lauti/Documents/GitHub/OMOMBO_Jungle_Kings/OMOMBO_Jungle_Kings/Content/ThirdPerson/Maps/ThirdPersonMap.uexp" 1261
"C:/Users/Lauti/Documents/GitHub/OMOMBO_Jungle_Kings/OMOMBO_Jungle_Kings/Content/ThirdPerson/Maps/ThirdPersonMap.umap" 1262
"../../../Engine/Content/Maps/Entry_BuiltData.uasset" 1263
"../../../Engine/Content/Maps/Entry_BuiltData.uexp" 1264
"../../../Engine/Content/Maps/Entry.uexp" 1265
"../../../Engine/Content/Maps/Entry.umap" 1266
